Entry,Position,AminoAcid,Exposed/Buried,RelativeSurfaceAccessilibity,HelixProbability,SheetProbability,CoilProbability,EpitopeProbability
AHF49837.1,1,M,E,0.743,0.016,0.005,0.979,0.240666666667
AHF49837.1,2,R,E,0.594,0.307,0.165,0.527,0.287666666667
AHF49837.1,3,I,B,0.249,0.428,0.171,0.402,0.322777777778
AHF49837.1,4,A,E,0.321,0.649,0.163,0.188,0.354333333333
AHF49837.1,5,K,E,0.388,0.779,0.100,0.120,0.384111111111
AHF49837.1,6,A,B,0.149,0.779,0.100,0.120,0.369555555556
AHF49837.1,7,A,B,0.067,0.779,0.100,0.120,0.350555555556
AHF49837.1,8,L,B,0.063,0.950,0.028,0.022,0.343888888889
AHF49837.1,9,C,B,0.038,0.975,0.003,0.022,0.335666666667
AHF49837.1,10,G,B,0.074,0.975,0.003,0.022,0.322222222222
AHF49837.1,11,Q,B,0.129,0.975,0.003,0.022,0.315888888889
AHF49837.1,12,L,B,0.051,0.970,0.001,0.030,0.303222222222
AHF49837.1,13,L,B,0.04,0.988,0.000,0.012,0.299111111111
AHF49837.1,14,I,B,0.134,0.988,0.000,0.012,0.309111111111
AHF49837.1,15,W,B,0.129,0.970,0.001,0.030,0.311111111111
AHF49837.1,16,W,B,0.056,0.970,0.001,0.030,0.318
AHF49837.1,17,L,B,0.089,0.923,0.002,0.076,0.326333333333
AHF49837.1,18,S,E,0.282,0.858,0.002,0.139,0.354555555556
AHF49837.1,19,A,B,0.064,0.717,0.014,0.269,0.383555555556
AHF49837.1,20,P,B,0.138,0.561,0.047,0.393,0.406777777778
AHF49837.1,21,A,B,0.094,0.278,0.093,0.628,0.447333333333
AHF49837.1,22,E,E,0.296,0.113,0.087,0.800,0.478888888889
AHF49837.1,23,G,E,0.582,0.018,0.019,0.964,0.498222222222
AHF49837.1,24,F,E,0.433,0.018,0.047,0.935,0.509666666667
AHF49837.1,25,T,E,0.56,0.018,0.088,0.893,0.523
AHF49837.1,26,H,B,0.215,0.022,0.359,0.619,0.528111111111
AHF49837.1,27,T,B,0.178,0.022,0.552,0.426,0.514666666667
AHF49837.1,28,C,B,0.03,0.021,0.451,0.528,0.513444444444
AHF49837.1,29,D,B,0.218,0.022,0.552,0.426,0.513888888889
AHF49837.1,30,F,B,0.159,0.022,0.359,0.619,0.504777777778
AHF49837.1,31,N,E,0.314,0.019,0.141,0.840,0.503
AHF49837.1,32,D,E,0.675,0.018,0.088,0.893,0.496777777778
AHF49837.1,33,E,E,0.58,0.018,0.047,0.935,0.516111111111
AHF49837.1,34,L,E,0.329,0.019,0.141,0.840,0.512111111111
AHF49837.1,35,S,B,0.236,0.022,0.359,0.619,0.522888888889
AHF49837.1,36,L,B,0.136,0.022,0.552,0.426,0.543666666667
AHF49837.1,37,E,E,0.404,0.022,0.552,0.426,0.556777777778
AHF49837.1,38,F,B,0.139,0.021,0.451,0.528,0.574444444444
AHF49837.1,39,D,E,0.458,0.022,0.359,0.619,0.600444444444
AHF49837.1,40,E,E,0.522,0.021,0.279,0.699,0.610555555556
AHF49837.1,41,R,E,0.476,0.021,0.279,0.699,0.621333333333
AHF49837.1,42,Q,E,0.533,0.020,0.205,0.775,0.619222222222
AHF49837.1,43,M,E,0.581,0.018,0.088,0.893,0.626555555556
AHF49837.1,44,T,E,0.623,0.018,0.047,0.935,0.611777777778
AHF49837.1,45,N,E,0.496,0.004,0.138,0.858,0.579
AHF49837.1,46,G,E,0.406,0.004,0.514,0.481,0.541
AHF49837.1,47,E,E,0.381,0.002,0.816,0.182,0.506111111111
AHF49837.1,48,Q,B,0.13,0.001,0.900,0.099,0.454333333333
AHF49837.1,49,I,E,0.271,0.001,0.959,0.040,0.436444444444
AHF49837.1,50,C,B,0.018,0.001,0.959,0.040,0.439444444444
AHF49837.1,51,T,E,0.265,0.001,0.900,0.099,0.440222222222
AHF49837.1,52,L,B,0.063,0.002,0.816,0.182,0.444555555556
AHF49837.1,53,K,E,0.323,0.004,0.514,0.481,0.456333333333
AHF49837.1,54,P,B,0.251,0.004,0.085,0.910,0.474222222222
AHF49837.1,55,D,E,0.542,0.005,0.015,0.979,0.484
AHF49837.1,56,V,E,0.274,0.005,0.045,0.951,0.475333333333
AHF49837.1,57,L,E,0.296,0.004,0.138,0.858,0.491777777778
AHF49837.1,58,D,E,0.32,0.005,0.336,0.660,0.463333333333
AHF49837.1,59,K,E,0.329,0.002,0.816,0.182,0.439777777778
AHF49837.1,60,V,B,0.035,0.001,0.959,0.040,0.400666666667
AHF49837.1,61,V,B,0.209,0.001,0.959,0.040,0.384888888889
AHF49837.1,62,I,B,0.046,0.001,0.959,0.040,0.379888888889
AHF49837.1,63,K,E,0.24,0.001,0.959,0.040,0.378555555556
AHF49837.1,64,C,B,0.039,0.004,0.514,0.481,0.392333333333
AHF49837.1,65,G,B,0.261,0.005,0.045,0.951,0.421111111111
AHF49837.1,66,A,E,0.441,0.018,0.019,0.964,0.434777777778
AHF49837.1,67,E,E,0.639,0.020,0.205,0.775,0.473111111111
AHF49837.1,68,R,E,0.423,0.022,0.359,0.619,0.498555555556
AHF49837.1,69,K,E,0.441,0.022,0.359,0.619,0.542666666667
AHF49837.1,70,N,E,0.397,0.021,0.451,0.528,0.563222222222
AHF49837.1,71,Y,B,0.152,0.023,0.655,0.322,0.576111111111
AHF49837.1,72,E,E,0.427,0.021,0.756,0.223,0.588666666667
AHF49837.1,73,L,B,0.275,0.021,0.756,0.223,0.585666666667
AHF49837.1,74,L,E,0.301,0.021,0.451,0.528,0.582
AHF49837.1,75,P,E,0.367,0.019,0.141,0.840,0.579444444444
AHF49837.1,76,N,E,0.523,0.053,0.043,0.903,0.591
AHF49837.1,77,N,E,0.511,0.113,0.087,0.800,0.585888888889
AHF49837.1,78,C,E,0.295,0.199,0.152,0.649,0.584444444444
AHF49837.1,79,F,B,0.235,0.199,0.152,0.649,0.598777777778
AHF49837.1,80,E,E,0.549,0.199,0.152,0.649,0.608555555556
AHF49837.1,81,Q,E,0.534,0.125,0.227,0.648,0.607444444444
AHF49837.1,82,V,E,0.292,0.125,0.227,0.648,0.624111111111
AHF49837.1,83,F,E,0.418,0.066,0.296,0.638,0.632
AHF49837.1,84,T,E,0.482,0.064,0.216,0.721,0.642444444444
AHF49837.1,85,S,E,0.382,0.052,0.084,0.864,0.641555555556
AHF49837.1,86,K,E,0.539,0.053,0.043,0.903,0.648
AHF49837.1,87,S,E,0.543,0.052,0.084,0.864,0.658222222222
AHF49837.1,88,I,E,0.32,0.113,0.087,0.800,0.655888888889
AHF49837.1,89,E,E,0.483,0.113,0.087,0.800,0.659222222222
AHF49837.1,90,D,E,0.404,0.113,0.087,0.800,0.662
AHF49837.1,91,A,E,0.533,0.184,0.043,0.773,0.653777777778
AHF49837.1,92,K,E,0.526,0.184,0.043,0.773,0.646444444444
AHF49837.1,93,N,E,0.278,0.184,0.043,0.773,0.643333333333
AHF49837.1,94,A,E,0.374,0.268,0.043,0.689,0.645333333333
AHF49837.1,95,H,E,0.385,0.268,0.043,0.689,0.640444444444
AHF49837.1,96,N,B,0.214,0.181,0.016,0.803,0.620222222222
AHF49837.1,97,A,E,0.404,0.181,0.016,0.803,0.616666666667
AHF49837.1,98,H,E,0.592,0.184,0.043,0.773,0.610777777778
AHF49837.1,99,N,B,0.212,0.191,0.086,0.723,0.612
AHF49837.1,100,V,B,0.182,0.199,0.152,0.649,0.621555555556
AHF49837.1,101,H,E,0.465,0.113,0.087,0.800,0.635555555556
AHF49837.1,102,N,E,0.468,0.278,0.093,0.628,0.647666666667
AHF49837.1,103,V,E,0.425,0.268,0.043,0.689,0.651777777778
AHF49837.1,104,Q,E,0.551,0.354,0.048,0.598,0.658333333333
AHF49837.1,105,N,E,0.434,0.455,0.046,0.498,0.666333333333
AHF49837.1,106,A,B,0.329,0.430,0.016,0.555,0.657
AHF49837.1,107,Q,E,0.42,0.522,0.016,0.462,0.653
AHF49837.1,108,N,E,0.342,0.622,0.015,0.363,0.631777777778
AHF49837.1,109,A,E,0.363,0.717,0.014,0.269,0.622333333333
AHF49837.1,110,Q,E,0.532,0.751,0.050,0.199,0.61
AHF49837.1,111,Q,E,0.403,0.717,0.014,0.269,0.593
AHF49837.1,112,L,B,0.023,0.802,0.014,0.185,0.554111111111
AHF49837.1,113,V,E,0.352,0.831,0.044,0.125,0.542222222222
AHF49837.1,114,E,E,0.567,0.751,0.050,0.199,0.530222222222
AHF49837.1,115,Y,B,0.116,0.751,0.050,0.199,0.501777777778
AHF49837.1,116,L,B,0.051,0.561,0.047,0.393,0.481111111111
AHF49837.1,117,H,E,0.361,0.455,0.046,0.498,0.485222222222
AHF49837.1,118,G,E,0.277,0.386,0.097,0.517,0.465555555556
AHF49837.1,119,A,B,0.064,0.453,0.248,0.299,0.446333333333
AHF49837.1,120,A,B,0.157,0.373,0.401,0.226,0.447777777778
AHF49837.1,121,A,B,0.234,0.373,0.401,0.226,0.479333333333
AHF49837.1,122,I,B,0.165,0.268,0.505,0.227,0.495444444444
AHF49837.1,123,V,B,0.142,0.252,0.423,0.325,0.522222222222
AHF49837.1,124,K,E,0.399,0.252,0.423,0.325,0.566111111111
AHF49837.1,125,R,E,0.344,0.352,0.332,0.316,0.602888888889
AHF49837.1,126,K,E,0.314,0.321,0.252,0.427,0.628333333333
AHF49837.1,127,Q,E,0.471,0.307,0.165,0.527,0.658333333333
AHF49837.1,128,N,E,0.484,0.278,0.093,0.628,0.680555555556
AHF49837.1,129,E,E,0.551,0.268,0.043,0.689,0.699111111111
AHF49837.1,130,T,E,0.475,0.191,0.086,0.723,0.706111111111
AHF49837.1,131,N,E,0.566,0.191,0.086,0.723,0.711
AHF49837.1,132,A,E,0.498,0.191,0.086,0.723,0.707444444444
AHF49837.1,133,D,E,0.429,0.113,0.087,0.800,0.690111111111
AHF49837.1,134,E,E,0.489,0.118,0.150,0.732,0.659666666667
AHF49837.1,135,K,E,0.433,0.125,0.227,0.648,0.632444444444
AHF49837.1,136,K,E,0.321,0.066,0.296,0.638,0.598666666667
AHF49837.1,137,S,B,0.313,0.066,0.296,0.638,0.569
AHF49837.1,138,Y,E,0.321,0.021,0.279,0.699,0.540222222222
AHF49837.1,139,D,B,0.216,0.005,0.336,0.660,0.489888888889
AHF49837.1,140,D,B,0.224,0.004,0.616,0.381,0.458222222222
AHF49837.1,141,V,B,0.054,0.002,0.816,0.182,0.421
AHF49837.1,142,S,B,0.137,0.001,0.900,0.099,0.410888888889
AHF49837.1,143,F,B,0.068,0.001,0.900,0.099,0.406
AHF49837.1,144,R,B,0.195,0.002,0.816,0.182,0.409888888889
AHF49837.1,145,V,B,0.067,0.004,0.420,0.576,0.418555555556
AHF49837.1,146,P,B,0.14,0.004,0.138,0.858,0.439
AHF49837.1,147,P,B,0.134,0.018,0.088,0.893,0.455888888889
AHF49837.1,148,N,E,0.333,0.019,0.141,0.840,0.501111111111
AHF49837.1,149,L,B,0.21,0.005,0.336,0.660,0.512222222222
AHF49837.1,150,E,E,0.258,0.004,0.420,0.576,0.537
AHF49837.1,151,K,E,0.505,0.004,0.420,0.576,0.533111111111
AHF49837.1,152,E,E,0.58,0.004,0.197,0.799,0.523333333333
AHF49837.1,153,Q,E,0.57,0.005,0.262,0.733,0.504222222222
AHF49837.1,154,K,B,0.183,0.002,0.816,0.182,0.471777777778
AHF49837.1,155,A,E,0.341,0.001,0.959,0.040,0.459555555556
AHF49837.1,156,L,B,0.03,0.001,0.959,0.040,0.426888888889
AHF49837.1,157,Y,B,0.165,0.001,0.959,0.040,0.402555555556
AHF49837.1,158,C,B,0.019,0.001,0.959,0.040,0.395777777778
AHF49837.1,159,V,B,0.13,0.001,0.959,0.040,0.399777777778
AHF49837.1,160,C,B,0.017,0.001,0.900,0.099,0.409
AHF49837.1,161,Q,B,0.218,0.003,0.718,0.279,0.427666666667
AHF49837.1,162,N,B,0.143,0.021,0.279,0.699,0.453222222222
AHF49837.1,163,K,E,0.439,0.021,0.279,0.699,0.500222222222
AHF49837.1,164,A,E,0.484,0.066,0.296,0.638,0.514222222222
AHF49837.1,165,K,E,0.494,0.125,0.227,0.648,0.554222222222
AHF49837.1,166,I,B,0.27,0.159,0.516,0.325,0.586333333333
AHF49837.1,167,R,E,0.431,0.169,0.612,0.219,0.612333333333
AHF49837.1,168,V,E,0.317,0.148,0.418,0.435,0.614444444444
AHF49837.1,169,R,E,0.283,0.216,0.235,0.548,0.626111111111
AHF49837.1,170,K,E,0.524,0.199,0.152,0.649,0.644666666667
AHF49837.1,171,R,E,0.641,0.191,0.086,0.723,0.647111111111
AHF49837.1,172,S,E,0.484,0.113,0.087,0.800,0.641555555556
AHF49837.1,173,G,E,0.426,0.053,0.043,0.903,0.633111111111
AHF49837.1,174,E,E,0.592,0.113,0.087,0.800,0.613222222222
AHF49837.1,175,E,E,0.558,0.191,0.086,0.723,0.600333333333
AHF49837.1,176,Y,E,0.344,0.199,0.152,0.649,0.576666666667
AHF49837.1,177,D,B,0.237,0.216,0.235,0.548,0.555
AHF49837.1,178,K,E,0.435,0.148,0.418,0.435,0.537777777778
AHF49837.1,179,E,E,0.321,0.079,0.592,0.329,0.505555555556
AHF49837.1,180,I,E,0.276,0.079,0.592,0.329,0.476777777778
AHF49837.1,181,F,B,0.17,0.023,0.655,0.322,0.455
AHF49837.1,182,N,E,0.373,0.023,0.655,0.322,0.436333333333
AHF49837.1,183,L,B,0.233,0.023,0.655,0.322,0.421
AHF49837.1,184,G,B,0.044,0.003,0.718,0.279,0.385222222222
AHF49837.1,185,I,B,0.075,0.001,0.900,0.099,0.375111111111
AHF49837.1,186,I,B,0.028,0.001,0.959,0.040,0.361777777778
AHF49837.1,187,E,B,0.14,0.001,0.959,0.040,0.368333333333
AHF49837.1,188,V,B,0.026,0.001,0.959,0.040,0.381333333333
AHF49837.1,189,L,B,0.168,0.001,0.900,0.099,0.410777777778
AHF49837.1,190,I,B,0.038,0.002,0.816,0.182,0.435333333333
AHF49837.1,191,P,E,0.392,0.022,0.359,0.619,0.475777777778
AHF49837.1,192,S,E,0.523,0.018,0.088,0.893,0.503888888889
AHF49837.1,193,L,E,0.575,0.018,0.047,0.935,0.524666666667
AHF49837.1,194,P,E,0.617,0.018,0.019,0.964,0.540111111111
AHF49837.1,195,K,E,0.538,0.018,0.088,0.893,0.567
AHF49837.1,196,K,E,0.451,0.021,0.451,0.528,0.562555555556
AHF49837.1,197,I,B,0.109,0.021,0.451,0.528,0.568888888889
AHF49837.1,198,D,E,0.454,0.005,0.336,0.660,0.548
AHF49837.1,199,G,B,0.274,0.004,0.197,0.799,0.539555555556
AHF49837.1,200,C,B,0.092,0.020,0.205,0.775,0.536888888889
AHF49837.1,201,D,E,0.317,0.022,0.359,0.619,0.546222222222
AHF49837.1,202,F,B,0.137,0.019,0.141,0.840,0.565666666667
AHF49837.1,203,T,E,0.423,0.018,0.088,0.893,0.584111111111
AHF49837.1,204,K,E,0.521,0.052,0.084,0.864,0.594666666667
AHF49837.1,205,N,E,0.6,0.053,0.043,0.903,0.602111111111
AHF49837.1,206,T,E,0.525,0.053,0.043,0.903,0.604888888889
AHF49837.1,207,S,E,0.605,0.113,0.087,0.800,0.619888888889
AHF49837.1,208,P,E,0.465,0.113,0.087,0.800,0.638888888889
AHF49837.1,209,L,E,0.285,0.113,0.087,0.800,0.630666666667
AHF49837.1,210,F,B,0.28,0.118,0.150,0.732,0.617222222222
AHF49837.1,211,T,E,0.493,0.056,0.142,0.802,0.605
AHF49837.1,212,K,E,0.525,0.064,0.216,0.721,0.580444444444
AHF49837.1,213,G,E,0.447,0.021,0.279,0.699,0.572222222222
AHF49837.1,214,Y,E,0.445,0.022,0.359,0.619,0.564333333333
AHF49837.1,215,D,E,0.404,0.021,0.451,0.528,0.553333333333
AHF49837.1,216,A,B,0.27,0.022,0.552,0.426,0.546555555556
AHF49837.1,217,N,E,0.443,0.022,0.552,0.426,0.524333333333
AHF49837.1,218,F,B,0.173,0.079,0.592,0.329,0.522888888889
AHF49837.1,219,Y,E,0.431,0.023,0.655,0.322,0.521777777778
AHF49837.1,220,K,E,0.491,0.074,0.484,0.442,0.528666666667
AHF49837.1,221,T,E,0.375,0.074,0.484,0.442,0.537666666667
AHF49837.1,222,I,E,0.274,0.079,0.592,0.329,0.538333333333
AHF49837.1,223,E,E,0.541,0.069,0.386,0.545,0.542777777778
AHF49837.1,224,N,E,0.494,0.019,0.141,0.840,0.532777777778
AHF49837.1,225,K,E,0.656,0.018,0.047,0.935,0.527222222222
AHF49837.1,226,D,E,0.666,0.004,0.085,0.910,0.508555555556
AHF49837.1,227,D,E,0.457,0.005,0.336,0.660,0.481111111111
AHF49837.1,228,V,E,0.276,0.003,0.718,0.279,0.442777777778
AHF49837.1,229,I,E,0.325,0.001,0.900,0.099,0.427333333333
AHF49837.1,230,C,B,0.029,0.001,0.959,0.040,0.398777777778
AHF49837.1,231,K,E,0.326,0.001,0.959,0.040,0.391444444444
AHF49837.1,232,V,B,0.029,0.001,0.959,0.040,0.393333333333
AHF49837.1,233,K,E,0.404,0.001,0.900,0.099,0.401111111111
AHF49837.1,234,A,B,0.049,0.003,0.718,0.279,0.410555555556
AHF49837.1,235,T,E,0.383,0.005,0.336,0.660,0.431555555556
AHF49837.1,236,E,E,0.678,0.005,0.045,0.951,0.445444444444
AHF49837.1,237,G,E,0.631,0.003,0.003,0.994,0.463555555556
AHF49837.1,238,K,E,0.337,0.004,0.138,0.858,0.441333333333
AHF49837.1,239,L,B,0.181,0.002,0.816,0.182,0.449777777778
AHF49837.1,240,I,B,0.048,0.001,0.959,0.040,0.428888888889
AHF49837.1,241,G,B,0.046,0.011,0.918,0.071,0.426777777778
AHF49837.1,242,F,B,0.04,0.001,0.900,0.099,0.424555555556
AHF49837.1,243,K,B,0.205,0.002,0.816,0.182,0.427444444444
AHF49837.1,244,C,B,0.027,0.005,0.262,0.733,0.424222222222
AHF49837.1,245,P,E,0.283,0.005,0.045,0.951,0.433222222222
AHF49837.1,246,A,E,0.611,0.018,0.019,0.964,0.433444444444
AHF49837.1,247,D,E,0.614,0.018,0.019,0.964,0.463111111111
AHF49837.1,248,Y,B,0.205,0.020,0.205,0.775,0.461222222222
AHF49837.1,249,A,E,0.526,0.022,0.552,0.426,0.486777777778
AHF49837.1,250,I,B,0.074,0.004,0.616,0.381,0.481666666667
AHF49837.1,251,E,E,0.505,0.005,0.262,0.733,0.481444444444
AHF49837.1,252,P,B,0.119,0.018,0.088,0.893,0.463888888889
AHF49837.1,253,E,E,0.698,0.058,0.017,0.925,0.460888888889
AHF49837.1,254,E,E,0.404,0.115,0.016,0.868,0.455
AHF49837.1,255,C,B,0.043,0.191,0.086,0.723,0.456555555556
AHF49837.1,256,F,B,0.071,0.231,0.330,0.439,0.451777777778
AHF49837.1,257,L,E,0.335,0.252,0.423,0.325,0.467
AHF49837.1,258,Q,B,0.282,0.252,0.423,0.325,0.471444444444
AHF49837.1,259,G,B,0.056,0.252,0.423,0.325,0.484111111111
AHF49837.1,260,F,B,0.149,0.268,0.505,0.227,0.496222222222
AHF49837.1,261,N,E,0.276,0.252,0.423,0.325,0.514555555556
AHF49837.1,262,L,E,0.471,0.113,0.087,0.800,0.523777777778
AHF49837.1,263,S,E,0.722,0.053,0.043,0.903,0.544444444444
AHF49837.1,264,G,E,0.499,0.053,0.043,0.903,0.570444444444
AHF49837.1,265,K,E,0.436,0.056,0.142,0.802,0.571888888889
AHF49837.1,266,K,E,0.399,0.079,0.592,0.329,0.586222222222
AHF49837.1,267,E,E,0.399,0.087,0.683,0.230,0.586444444444
AHF49837.1,268,Q,E,0.53,0.079,0.592,0.329,0.58
AHF49837.1,269,L,B,0.119,0.069,0.386,0.545,0.566777777778
AHF49837.1,270,R,E,0.506,0.066,0.296,0.638,0.564666666667
AHF49837.1,271,T,E,0.499,0.064,0.216,0.721,0.565111111111
AHF49837.1,272,K,B,0.197,0.064,0.216,0.721,0.551222222222
AHF49837.1,273,I,B,0.101,0.052,0.084,0.864,0.539777777778
AHF49837.1,274,E,E,0.538,0.018,0.047,0.935,0.539777777778
AHF49837.1,275,L,E,0.598,0.018,0.047,0.935,0.518444444444
AHF49837.1,276,T,B,0.121,0.022,0.359,0.619,0.510555555556
AHF49837.1,277,D,E,0.423,0.018,0.846,0.136,0.510333333333
AHF49837.1,278,L,B,0.207,0.018,0.846,0.136,0.521777777778
AHF49837.1,279,V,B,0.127,0.021,0.756,0.223,0.516888888889
AHF49837.1,280,M,E,0.317,0.004,0.420,0.576,0.501333333333
AHF49837.1,281,D,E,0.362,0.004,0.138,0.858,0.494
AHF49837.1,282,H,E,0.646,0.005,0.015,0.979,0.478777777778
AHF49837.1,283,Y,E,0.667,0.005,0.015,0.979,0.461555555556
AHF49837.1,284,N,E,0.392,0.004,0.138,0.858,0.440666666667
AHF49837.1,285,K,E,0.276,0.004,0.514,0.481,0.402888888889
AHF49837.1,286,I,B,0.038,0.002,0.816,0.182,0.389444444444
AHF49837.1,287,F,B,0.043,0.001,0.959,0.040,0.359
AHF49837.1,288,Y,B,0.032,0.001,0.959,0.040,0.352222222222
AHF49837.1,289,A,B,0.02,0.001,0.959,0.040,0.365
AHF49837.1,290,R,B,0.149,0.001,0.959,0.040,0.379222222222
AHF49837.1,291,V,B,0.03,0.003,0.718,0.279,0.391111111111
AHF49837.1,292,P,B,0.108,0.021,0.451,0.528,0.426444444444
AHF49837.1,293,Q,E,0.373,0.056,0.142,0.802,0.462444444444
AHF49837.1,294,R,E,0.466,0.066,0.296,0.638,0.503555555556
AHF49837.1,295,I,B,0.107,0.056,0.142,0.802,0.513333333333
AHF49837.1,296,Y,E,0.517,0.018,0.088,0.893,0.538777777778
AHF49837.1,297,Q,E,0.624,0.004,0.085,0.910,0.536333333333
AHF49837.1,298,N,E,0.629,0.004,0.138,0.858,0.523444444444
AHF49837.1,299,M,B,0.105,0.004,0.420,0.576,0.49
AHF49837.1,300,H,E,0.399,0.003,0.718,0.279,0.482
AHF49837.1,301,F,B,0.039,0.001,0.959,0.040,0.447666666667
AHF49837.1,302,F,B,0.119,0.001,0.959,0.040,0.434333333333
AHF49837.1,303,C,B,0.014,0.001,0.959,0.040,0.423555555556
AHF49837.1,304,A,B,0.125,0.001,0.959,0.040,0.417333333333
AHF49837.1,305,C,B,0.015,0.001,0.959,0.040,0.412
AHF49837.1,306,V,E,0.316,0.001,0.959,0.040,0.425222222222
AHF49837.1,307,L,B,0.247,0.002,0.816,0.182,0.44
AHF49837.1,308,E,E,0.384,0.004,0.138,0.858,0.449333333333
AHF49837.1,309,E,E,0.762,0.005,0.015,0.979,0.439111111111
AHF49837.1,310,K,E,0.699,0.004,0.085,0.910,0.438666666667
AHF49837.1,311,R,E,0.486,0.004,0.616,0.381,0.430666666667
AHF49837.1,312,L,B,0.215,0.002,0.816,0.182,0.418111111111
AHF49837.1,313,V,B,0.107,0.001,0.900,0.099,0.413666666667
AHF49837.1,314,A,B,0.046,0.001,0.959,0.040,0.399666666667
AHF49837.1,315,H,B,0.098,0.001,0.959,0.040,0.383
AHF49837.1,316,F,B,0.026,0.001,0.959,0.040,0.370333333333
AHF49837.1,317,E,B,0.151,0.001,0.959,0.040,0.382777777778
AHF49837.1,318,F,B,0.037,0.001,0.959,0.040,0.410666666667
AHF49837.1,319,A,B,0.245,0.001,0.900,0.099,0.436111111111
AHF49837.1,320,T,B,0.158,0.004,0.616,0.381,0.45
AHF49837.1,321,T,E,0.33,0.004,0.197,0.799,0.481666666667
AHF49837.1,322,P,E,0.679,0.053,0.043,0.903,0.500333333333
AHF49837.1,323,D,E,0.619,0.257,0.016,0.727,0.527222222222
AHF49837.1,324,D,E,0.351,0.455,0.046,0.498,0.543
AHF49837.1,325,Q,E,0.402,0.561,0.047,0.393,0.563222222222
AHF49837.1,326,N,E,0.516,0.701,0.107,0.192,0.581777777778
AHF49837.1,327,S,B,0.207,0.701,0.107,0.192,0.579777777778
AHF49837.1,328,V,B,0.28,0.701,0.107,0.192,0.600888888889
AHF49837.1,329,S,E,0.468,0.605,0.105,0.290,0.601444444444
AHF49837.1,330,E,E,0.503,0.455,0.046,0.498,0.594333333333
AHF49837.1,331,P,B,0.194,0.386,0.097,0.517,0.609666666667
AHF49837.1,332,R,E,0.421,0.386,0.097,0.517,0.613444444444
AHF49837.1,333,A,B,0.267,0.307,0.165,0.527,0.617777777778
AHF49837.1,334,A,B,0.292,0.307,0.165,0.527,0.633777777778
AHF49837.1,335,N,E,0.485,0.199,0.152,0.649,0.632111111111
AHF49837.1,336,V,E,0.395,0.216,0.235,0.548,0.650777777778
AHF49837.1,337,L,B,0.177,0.135,0.317,0.548,0.636222222222
AHF49837.1,338,Q,E,0.376,0.148,0.418,0.435,0.639
AHF49837.1,339,G,E,0.346,0.066,0.296,0.638,0.631666666667
AHF49837.1,340,R,E,0.437,0.056,0.142,0.802,0.596777777778
AHF49837.1,341,S,E,0.418,0.066,0.296,0.638,0.568666666667
AHF49837.1,342,A,E,0.305,0.074,0.484,0.442,0.558222222222
AHF49837.1,343,G,B,0.21,0.074,0.484,0.442,0.525
AHF49837.1,344,S,B,0.105,0.074,0.484,0.442,0.507444444444
AHF49837.1,345,A,B,0.064,0.069,0.386,0.545,0.482777777778
AHF49837.1,346,A,B,0.173,0.064,0.216,0.721,0.472333333333
AHF49837.1,347,F,B,0.152,0.056,0.142,0.802,0.470888888889
AHF49837.1,348,G,B,0.169,0.052,0.084,0.864,0.468
AHF49837.1,349,P,E,0.363,0.053,0.043,0.903,0.451111111111
AHF49837.1,350,G,E,0.288,0.115,0.016,0.868,0.442666666667
AHF49837.1,351,P,B,0.27,0.430,0.016,0.555,0.405333333333
AHF49837.1,352,F,B,0.115,0.561,0.047,0.393,0.367777777778
AHF49837.1,353,L,B,0.077,0.751,0.050,0.199,0.331333333333
AHF49837.1,354,L,B,0.121,0.831,0.044,0.125,0.297111111111
AHF49837.1,355,L,B,0.083,0.831,0.044,0.125,0.262
AHF49837.1,356,L,B,0.055,0.831,0.044,0.125,0.230111111111
AHF49837.1,357,L,B,0.148,0.751,0.050,0.199,0.223444444444
AHF49837.1,358,S,B,0.188,0.751,0.050,0.199,0.246333333333
AHF49837.1,359,G,B,0.247,0.660,0.049,0.291,0.268888888889
AHF49837.1,360,V,B,0.135,0.605,0.105,0.290,0.309888888889
AHF49837.1,361,L,B,0.143,0.538,0.173,0.289,0.346111111111
AHF49837.1,362,F,B,0.242,0.478,0.309,0.214,0.329333333333
AHF49837.1,363,F,B,0.219,0.373,0.401,0.226,0.307888888889
AHF49837.1,364,I,E,0.262,0.231,0.330,0.439,0.284777777778
AHF49837.1,365,M,E,0.574,0.018,0.019,0.964,0.257
SGX78860.1,1,M,E,0.76,0.003,0.003,0.994,0.222
SGX78860.1,2,R,E,0.496,0.052,0.084,0.864,0.244555555556
SGX78860.1,3,K,E,0.403,0.135,0.317,0.548,0.269333333333
SGX78860.1,4,K,B,0.205,0.169,0.612,0.219,0.293666666667
SGX78860.1,5,I,B,0.092,0.264,0.692,0.044,0.316666666667
SGX78860.1,6,V,B,0.051,0.264,0.692,0.044,0.308555555556
SGX78860.1,7,F,B,0.071,0.265,0.667,0.069,0.283
SGX78860.1,8,V,B,0.047,0.614,0.324,0.062,0.253333333333
SGX78860.1,9,C,B,0.043,0.701,0.107,0.192,0.220888888889
SGX78860.1,10,S,B,0.063,0.831,0.044,0.125,0.195555555556
SGX78860.1,11,I,B,0.073,0.911,0.033,0.057,0.191
SGX78860.1,12,F,B,0.073,0.911,0.033,0.057,0.191555555556
SGX78860.1,13,V,B,0.056,0.831,0.044,0.125,0.191666666667
SGX78860.1,14,L,B,0.039,0.831,0.044,0.125,0.205222222222
SGX78860.1,15,L,B,0.042,0.751,0.050,0.199,0.216111111111
SGX78860.1,16,S,B,0.081,0.561,0.047,0.393,0.235666666667
SGX78860.1,17,C,B,0.062,0.354,0.048,0.598,0.262555555556
SGX78860.1,18,S,B,0.097,0.268,0.043,0.689,0.303777777778
SGX78860.1,19,P,B,0.127,0.113,0.087,0.800,0.373111111111
SGX78860.1,20,A,B,0.106,0.113,0.087,0.800,0.435444444444
SGX78860.1,21,S,B,0.187,0.053,0.043,0.903,0.484222222222
SGX78860.1,22,S,B,0.222,0.053,0.043,0.903,0.530222222222
SGX78860.1,23,E,E,0.522,0.058,0.017,0.925,0.551222222222
SGX78860.1,24,Q,E,0.598,0.058,0.017,0.925,0.583111111111
SGX78860.1,25,L,E,0.366,0.058,0.017,0.925,0.610333333333
SGX78860.1,26,G,E,0.506,0.018,0.019,0.964,0.639333333333
SGX78860.1,27,I,B,0.181,0.113,0.043,0.844,0.649444444444
SGX78860.1,28,Q,E,0.522,0.113,0.087,0.800,0.632222222222
SGX78860.1,29,K,E,0.476,0.184,0.043,0.773,0.618888888889
SGX78860.1,30,K,E,0.489,0.268,0.043,0.689,0.603111111111
SGX78860.1,31,K,E,0.511,0.181,0.016,0.803,0.600666666667
SGX78860.1,32,K,E,0.582,0.339,0.016,0.645,0.605777777778
SGX78860.1,33,N,E,0.51,0.339,0.016,0.645,0.596555555556
SGX78860.1,34,L,B,0.159,0.622,0.015,0.363,0.576444444444
SGX78860.1,35,E,E,0.406,0.600,0.003,0.397,0.534
SGX78860.1,36,Q,E,0.41,0.923,0.002,0.076,0.518888888889
SGX78860.1,37,D,E,0.313,0.923,0.002,0.076,0.497333333333
SGX78860.1,38,A,B,0.071,0.970,0.001,0.030,0.452666666667
SGX78860.1,39,M,B,0.077,0.923,0.002,0.076,0.442888888889
SGX78860.1,40,H,B,0.207,0.923,0.002,0.076,0.432666666667
SGX78860.1,41,A,B,0.107,0.923,0.002,0.076,0.422888888889
SGX78860.1,42,L,B,0.062,0.923,0.002,0.076,0.399444444444
SGX78860.1,43,M,B,0.229,0.923,0.002,0.076,0.413666666667
SGX78860.1,44,K,E,0.455,0.923,0.002,0.076,0.436777777778
SGX78860.1,45,K,B,0.14,0.923,0.002,0.076,0.418777777778
SGX78860.1,46,L,B,0.067,0.923,0.002,0.076,0.442333333333
SGX78860.1,47,E,E,0.447,0.923,0.002,0.076,0.485888888889
SGX78860.1,48,S,E,0.21,0.923,0.002,0.076,0.488333333333
SGX78860.1,49,L,B,0.036,0.923,0.002,0.076,0.483333333333
SGX78860.1,50,Y,B,0.22,0.858,0.002,0.139,0.494888888889
SGX78860.1,51,K,E,0.485,0.782,0.003,0.216,0.526888888889
SGX78860.1,52,L,B,0.157,0.600,0.003,0.397,0.526666666667
SGX78860.1,53,S,B,0.162,0.522,0.016,0.462,0.528333333333
SGX78860.1,54,A,E,0.498,0.339,0.016,0.645,0.548333333333
SGX78860.1,55,T,E,0.49,0.181,0.016,0.803,0.541444444444
SGX78860.1,56,D,E,0.607,0.115,0.016,0.868,0.549555555556
SGX78860.1,57,N,E,0.343,0.176,0.004,0.820,0.554888888889
SGX78860.1,58,G,E,0.402,0.694,0.003,0.303,0.562555555556
SGX78860.1,59,E,E,0.668,0.858,0.002,0.139,0.553333333333
SGX78860.1,60,I,E,0.38,0.923,0.002,0.076,0.546
SGX78860.1,61,F,B,0.038,0.923,0.002,0.076,0.536222222222
SGX78860.1,62,N,E,0.377,0.858,0.002,0.139,0.543222222222
SGX78860.1,63,K,E,0.43,0.858,0.002,0.139,0.540222222222
SGX78860.1,64,E,B,0.181,0.858,0.002,0.139,0.516333333333
SGX78860.1,65,I,B,0.056,0.970,0.001,0.030,0.499555555556
SGX78860.1,66,D,E,0.524,0.970,0.001,0.030,0.498555555556
SGX78860.1,67,A,E,0.246,0.970,0.001,0.030,0.494444444444
SGX78860.1,68,L,B,0.035,0.923,0.002,0.076,0.496
SGX78860.1,69,K,E,0.311,0.970,0.001,0.030,0.507111111111
SGX78860.1,70,K,E,0.547,0.923,0.002,0.076,0.518666666667
SGX78860.1,71,Q,B,0.221,0.970,0.001,0.030,0.492333333333
SGX78860.1,72,I,B,0.054,0.970,0.001,0.030,0.509333333333
SGX78860.1,73,D,E,0.485,0.970,0.001,0.030,0.538333333333
SGX78860.1,74,Q,E,0.39,0.970,0.001,0.030,0.552111111111
SGX78860.1,75,L,B,0.061,0.970,0.001,0.030,0.568444444444
SGX78860.1,76,H,E,0.45,0.923,0.002,0.076,0.579111111111
SGX78860.1,77,Q,E,0.618,0.782,0.003,0.216,0.583
SGX78860.1,78,H,E,0.45,0.406,0.004,0.590,0.574555555556
SGX78860.1,79,G,E,0.659,0.109,0.005,0.886,0.576333333333
SGX78860.1,80,G,E,0.521,0.058,0.017,0.925,0.605333333333
SGX78860.1,81,V,E,0.683,0.058,0.017,0.925,0.599555555556
SGX78860.1,82,N,E,0.488,0.058,0.017,0.925,0.595111111111
SGX78860.1,83,E,E,0.637,0.058,0.017,0.925,0.586222222222
SGX78860.1,84,G,E,0.725,0.058,0.017,0.925,0.586888888889
SGX78860.1,85,E,E,0.546,0.058,0.017,0.925,0.595444444444
SGX78860.1,86,S,E,0.465,0.115,0.016,0.868,0.604
SGX78860.1,87,L,E,0.458,0.115,0.016,0.868,0.606333333333
SGX78860.1,88,G,E,0.438,0.115,0.016,0.868,0.604777777778
SGX78860.1,89,H,E,0.66,0.053,0.043,0.903,0.599666666667
SGX78860.1,90,L,E,0.465,0.053,0.043,0.903,0.605555555556
SGX78860.1,91,L,E,0.492,0.052,0.084,0.864,0.610888888889
SGX78860.1,92,E,E,0.623,0.052,0.084,0.864,0.616222222222
SGX78860.1,93,S,E,0.504,0.053,0.043,0.903,0.618444444444
SGX78860.1,94,E,E,0.649,0.053,0.043,0.903,0.608111111111
SGX78860.1,95,A,E,0.625,0.058,0.017,0.925,0.605333333333
SGX78860.1,96,A,E,0.538,0.058,0.017,0.925,0.607666666667
SGX78860.1,97,D,E,0.616,0.053,0.043,0.903,0.614555555556
SGX78860.1,98,D,E,0.67,0.053,0.043,0.903,0.618777777778
SGX78860.1,99,S,E,0.511,0.053,0.043,0.903,0.618222222222
SGX78860.1,100,G,E,0.641,0.053,0.043,0.903,0.623555555556
SGX78860.1,101,K,E,0.616,0.053,0.043,0.903,0.624333333333
SGX78860.1,102,K,E,0.515,0.052,0.084,0.864,0.610555555556
SGX78860.1,103,T,E,0.438,0.052,0.084,0.864,0.605888888889
SGX78860.1,104,I,E,0.562,0.052,0.084,0.864,0.602
SGX78860.1,105,F,E,0.627,0.018,0.047,0.935,0.598
SGX78860.1,106,G,E,0.445,0.018,0.047,0.935,0.594111111111
SGX78860.1,107,V,E,0.598,0.053,0.043,0.903,0.591444444444
SGX78860.1,108,D,E,0.416,0.053,0.043,0.903,0.592444444444
SGX78860.1,109,E,E,0.661,0.113,0.043,0.844,0.591111111111
SGX78860.1,110,D,E,0.607,0.113,0.043,0.844,0.587
SGX78860.1,111,D,E,0.537,0.113,0.043,0.844,0.589222222222
SGX78860.1,112,L,E,0.414,0.058,0.017,0.925,0.592888888889
SGX78860.1,113,D,E,0.632,0.058,0.017,0.925,0.598444444444
SGX78860.1,114,N,E,0.558,0.053,0.043,0.903,0.601
SGX78860.1,115,Y,E,0.481,0.053,0.043,0.903,0.606888888889
SGX78860.1,116,D,E,0.522,0.053,0.043,0.903,0.613444444444
SGX78860.1,117,A,E,0.621,0.113,0.043,0.844,0.606888888889
SGX78860.1,118,D,E,0.619,0.053,0.043,0.903,0.603555555556
SGX78860.1,119,F,E,0.47,0.113,0.043,0.844,0.607444444444
SGX78860.1,120,I,E,0.47,0.053,0.043,0.903,0.609777777778
SGX78860.1,121,G,E,0.429,0.053,0.043,0.903,0.612333333333
SGX78860.1,122,Q,E,0.532,0.053,0.043,0.903,0.612444444444
SGX78860.1,123,S,E,0.494,0.018,0.047,0.935,0.607222222222
SGX78860.1,124,K,E,0.724,0.018,0.047,0.935,0.604555555556
SGX78860.1,125,G,E,0.452,0.018,0.088,0.893,0.595222222222
SGX78860.1,126,K,E,0.605,0.019,0.141,0.840,0.596444444444
SGX78860.1,127,I,E,0.323,0.004,0.138,0.858,0.591555555556
SGX78860.1,128,K,E,0.66,0.004,0.085,0.910,0.593111111111
SGX78860.1,129,G,E,0.585,0.004,0.085,0.910,0.588666666667
SGX78860.1,130,Q,E,0.443,0.018,0.088,0.893,0.592888888889
SGX78860.1,131,A,E,0.644,0.018,0.088,0.893,0.586222222222
SGX78860.1,132,D,E,0.543,0.018,0.047,0.935,0.584
SGX78860.1,133,T,E,0.53,0.018,0.019,0.964,0.57
SGX78860.1,134,T,E,0.564,0.018,0.019,0.964,0.575666666667
SGX78860.1,135,A,E,0.67,0.018,0.019,0.964,0.566111111111
SGX78860.1,136,V,E,0.54,0.018,0.019,0.964,0.565555555556
SGX78860.1,137,A,E,0.664,0.018,0.019,0.964,0.556666666667
SGX78860.1,138,K,E,0.6,0.018,0.019,0.964,0.561111111111
SGX78860.1,139,P,E,0.616,0.018,0.019,0.964,0.553
SGX78860.1,140,P,E,0.661,0.018,0.019,0.964,0.555888888889
SGX78860.1,141,T,E,0.629,0.018,0.019,0.964,0.556777777778
SGX78860.1,142,G,E,0.612,0.018,0.019,0.964,0.563222222222
SGX78860.1,143,S,E,0.577,0.018,0.019,0.964,0.555333333333
SGX78860.1,144,G,E,0.561,0.018,0.019,0.964,0.553444444444
SGX78860.1,145,A,E,0.706,0.018,0.019,0.964,0.552333333333
SGX78860.1,146,G,E,0.64,0.018,0.019,0.964,0.552444444444
SGX78860.1,147,A,E,0.613,0.018,0.019,0.964,0.549111111111
SGX78860.1,148,H,E,0.686,0.018,0.019,0.964,0.549333333333
SGX78860.1,149,G,E,0.48,0.018,0.019,0.964,0.543111111111
SGX78860.1,150,S,E,0.601,0.018,0.019,0.964,0.544666666667
SGX78860.1,151,H,E,0.696,0.018,0.019,0.964,0.551777777778
SGX78860.1,152,S,E,0.584,0.018,0.019,0.964,0.553
SGX78860.1,153,P,E,0.539,0.018,0.019,0.964,0.564111111111
SGX78860.1,154,P,E,0.669,0.018,0.019,0.964,0.566111111111
SGX78860.1,155,K,E,0.64,0.018,0.019,0.964,0.566666666667
SGX78860.1,156,P,E,0.589,0.018,0.019,0.964,0.571777777778
SGX78860.1,157,S,E,0.663,0.018,0.019,0.964,0.570111111111
SGX78860.1,158,V,E,0.525,0.018,0.019,0.964,0.575777777778
SGX78860.1,159,L,E,0.609,0.018,0.019,0.964,0.574222222222
SGX78860.1,160,V,E,0.585,0.018,0.019,0.964,0.573666666667
SGX78860.1,161,V,E,0.617,0.018,0.019,0.964,0.576222222222
SGX78860.1,162,P,E,0.655,0.018,0.019,0.964,0.574222222222
SGX78860.1,163,G,E,0.639,0.018,0.019,0.964,0.572444444444
SGX78860.1,164,K,E,0.554,0.018,0.019,0.964,0.576111111111
SGX78860.1,165,S,E,0.627,0.018,0.019,0.964,0.570777777778
SGX78860.1,166,G,E,0.559,0.018,0.019,0.964,0.567222222222
SGX78860.1,167,K,E,0.704,0.018,0.019,0.964,0.567111111111
SGX78860.1,168,E,E,0.703,0.018,0.019,0.964,0.576777777778
SGX78860.1,169,D,E,0.677,0.018,0.019,0.964,0.570777777778
SGX78860.1,170,S,E,0.585,0.018,0.019,0.964,0.564666666667
SGX78860.1,171,V,E,0.519,0.018,0.019,0.964,0.564555555556
SGX78860.1,172,A,E,0.583,0.018,0.019,0.964,0.565888888889
SGX78860.1,173,T,E,0.688,0.018,0.019,0.964,0.560555555556
SGX78860.1,174,L,E,0.527,0.018,0.019,0.964,0.564333333333
SGX78860.1,175,E,E,0.683,0.018,0.019,0.964,0.577555555556
SGX78860.1,176,N,E,0.519,0.018,0.019,0.964,0.578888888889
SGX78860.1,177,G,E,0.589,0.018,0.019,0.964,0.572111111111
SGX78860.1,178,Y,E,0.628,0.018,0.019,0.964,0.569555555556
SGX78860.1,179,E,E,0.667,0.018,0.019,0.964,0.571444444444
SGX78860.1,180,S,E,0.418,0.018,0.019,0.964,0.572222222222
SGX78860.1,181,I,E,0.556,0.018,0.019,0.964,0.572888888889
SGX78860.1,182,H,E,0.701,0.018,0.019,0.964,0.580333333333
SGX78860.1,183,G,E,0.495,0.018,0.019,0.964,0.574666666667
SGX78860.1,184,E,E,0.717,0.018,0.019,0.964,0.579111111111
SGX78860.1,185,D,E,0.685,0.018,0.019,0.964,0.584222222222
SGX78860.1,186,E,E,0.577,0.018,0.019,0.964,0.584222222222
SGX78860.1,187,P,E,0.519,0.018,0.019,0.964,0.593444444444
SGX78860.1,188,Q,E,0.565,0.018,0.019,0.964,0.6
SGX78860.1,189,V,E,0.603,0.018,0.047,0.935,0.598333333333
SGX78860.1,190,V,E,0.623,0.018,0.019,0.964,0.596
SGX78860.1,191,P,E,0.643,0.005,0.015,0.979,0.596888888889
SGX78860.1,192,S,E,0.613,0.018,0.019,0.964,0.601444444444
SGX78860.1,193,L,E,0.605,0.018,0.019,0.964,0.575444444444
SGX78860.1,194,A,E,0.473,0.018,0.019,0.964,0.573222222222
SGX78860.1,195,D,E,0.75,0.018,0.019,0.964,0.575222222222
SGX78860.1,196,R,E,0.638,0.018,0.019,0.964,0.566
SGX78860.1,197,A,E,0.534,0.018,0.019,0.964,0.564111111111
SGX78860.1,198,D,E,0.661,0.005,0.015,0.979,0.563555555556
SGX78860.1,199,A,E,0.607,0.005,0.015,0.979,0.563777777778
SGX78860.1,200,V,E,0.597,0.005,0.015,0.979,0.559777777778
SGX78860.1,201,P,E,0.455,0.005,0.015,0.979,0.559444444444
SGX78860.1,202,D,E,0.725,0.018,0.019,0.964,0.572444444444
SGX78860.1,203,G,E,0.495,0.018,0.019,0.964,0.568777777778
SGX78860.1,204,R,E,0.707,0.018,0.019,0.964,0.565666666667
SGX78860.1,205,S,E,0.577,0.018,0.019,0.964,0.571111111111
SGX78860.1,206,G,E,0.617,0.018,0.019,0.964,0.577888888889
SGX78860.1,207,E,E,0.652,0.018,0.019,0.964,0.582111111111
SGX78860.1,208,N,E,0.634,0.018,0.019,0.964,0.581111111111
SGX78860.1,209,H,E,0.557,0.016,0.005,0.979,0.579444444444
SGX78860.1,210,S,E,0.657,0.018,0.019,0.964,0.578444444444
SGX78860.1,211,A,E,0.724,0.018,0.019,0.964,0.573555555556
SGX78860.1,212,L,E,0.624,0.018,0.019,0.964,0.571888888889
SGX78860.1,213,G,E,0.533,0.018,0.019,0.964,0.569222222222
SGX78860.1,214,E,E,0.669,0.018,0.019,0.964,0.57
SGX78860.1,215,S,E,0.533,0.018,0.019,0.964,0.567444444444
SGX78860.1,216,A,E,0.617,0.018,0.019,0.964,0.565888888889
SGX78860.1,217,E,E,0.667,0.018,0.019,0.964,0.570444444444
SGX78860.1,218,V,E,0.482,0.005,0.015,0.979,0.577
SGX78860.1,219,P,E,0.456,0.005,0.015,0.979,0.582
SGX78860.1,220,K,E,0.671,0.005,0.015,0.979,0.597666666667
SGX78860.1,221,G,E,0.439,0.005,0.015,0.979,0.609222222222
SGX78860.1,222,D,E,0.551,0.005,0.015,0.979,0.621333333333
SGX78860.1,223,S,E,0.646,0.005,0.015,0.979,0.631222222222
SGX78860.1,224,D,E,0.532,0.005,0.015,0.979,0.635444444444
SGX78860.1,225,S,E,0.586,0.003,0.003,0.994,0.641444444444
SGX78860.1,226,A,E,0.658,0.005,0.015,0.979,0.652666666667
SGX78860.1,227,Q,E,0.59,0.005,0.015,0.979,0.658111111111
SGX78860.1,228,G,E,0.445,0.005,0.015,0.979,0.666666666667
SGX78860.1,229,S,E,0.579,0.005,0.015,0.979,0.664888888889
SGX78860.1,230,Q,E,0.51,0.005,0.015,0.979,0.655333333333
SGX78860.1,231,P,E,0.532,0.005,0.015,0.979,0.645666666667
SGX78860.1,232,S,E,0.645,0.018,0.019,0.964,0.630333333333
SGX78860.1,233,S,E,0.605,0.018,0.019,0.964,0.622111111111
SGX78860.1,234,G,E,0.717,0.018,0.019,0.964,0.616444444444
SGX78860.1,235,T,E,0.541,0.018,0.019,0.964,0.606
SGX78860.1,236,D,E,0.484,0.018,0.019,0.964,0.592
SGX78860.1,237,G,E,0.661,0.018,0.019,0.964,0.576222222222
SGX78860.1,238,G,E,0.615,0.018,0.019,0.964,0.564
SGX78860.1,239,A,E,0.583,0.018,0.019,0.964,0.562
SGX78860.1,240,T,E,0.468,0.018,0.019,0.964,0.558777777778
SGX78860.1,241,G,E,0.688,0.018,0.019,0.964,0.56
SGX78860.1,242,T,E,0.661,0.018,0.019,0.964,0.562666666667
SGX78860.1,243,G,E,0.659,0.003,0.003,0.994,0.568111111111
SGX78860.1,244,G,E,0.672,0.003,0.003,0.994,0.571333333333
SGX78860.1,245,N,E,0.545,0.003,0.003,0.994,0.578666666667
SGX78860.1,246,Q,E,0.62,0.003,0.003,0.994,0.579666666667
SGX78860.1,247,Q,E,0.604,0.003,0.003,0.994,0.583444444444
SGX78860.1,248,S,E,0.646,0.018,0.019,0.964,0.582222222222
SGX78860.1,249,T,E,0.495,0.018,0.019,0.964,0.582111111111
SGX78860.1,250,L,E,0.627,0.018,0.019,0.964,0.578777777778
SGX78860.1,251,P,E,0.444,0.005,0.015,0.979,0.570777777778
SGX78860.1,252,H,E,0.588,0.005,0.015,0.979,0.558
SGX78860.1,253,A,E,0.625,0.005,0.015,0.979,0.544888888889
SGX78860.1,254,A,E,0.696,0.018,0.047,0.935,0.543222222222
SGX78860.1,255,G,E,0.585,0.018,0.047,0.935,0.537222222222
SGX78860.1,256,H,E,0.664,0.018,0.019,0.964,0.537888888889
SGX78860.1,257,P,E,0.53,0.018,0.019,0.964,0.543777777778
SGX78860.1,258,Q,E,0.666,0.018,0.019,0.964,0.542222222222
SGX78860.1,259,A,E,0.543,0.018,0.019,0.964,0.548111111111
SGX78860.1,260,P,E,0.543,0.018,0.019,0.964,0.548777777778
SGX78860.1,261,P,E,0.634,0.018,0.019,0.964,0.552222222222
SGX78860.1,262,A,E,0.681,0.018,0.019,0.964,0.552555555556
SGX78860.1,263,R,E,0.625,0.018,0.019,0.964,0.551777777778
SGX78860.1,264,G,E,0.7,0.018,0.019,0.964,0.558555555556
SGX78860.1,265,D,E,0.58,0.018,0.019,0.964,0.556777777778
SGX78860.1,266,P,E,0.597,0.018,0.019,0.964,0.548888888889
SGX78860.1,267,Q,E,0.739,0.018,0.019,0.964,0.551333333333
SGX78860.1,268,S,E,0.58,0.018,0.019,0.964,0.545444444444
SGX78860.1,269,P,E,0.503,0.018,0.019,0.964,0.542111111111
SGX78860.1,270,A,E,0.614,0.018,0.019,0.964,0.540666666667
SGX78860.1,271,A,E,0.682,0.016,0.005,0.979,0.55
SGX78860.1,272,A,E,0.645,0.016,0.005,0.979,0.549888888889
SGX78860.1,273,G,E,0.549,0.016,0.005,0.979,0.547
SGX78860.1,274,H,E,0.666,0.018,0.019,0.964,0.546666666667
SGX78860.1,275,Q,E,0.684,0.018,0.019,0.964,0.557
SGX78860.1,276,Q,E,0.528,0.018,0.019,0.964,0.565888888889
SGX78860.1,277,P,E,0.527,0.018,0.019,0.964,0.576666666667
SGX78860.1,278,P,E,0.622,0.018,0.019,0.964,0.589555555556
SGX78860.1,279,T,E,0.494,0.018,0.019,0.964,0.603
SGX78860.1,280,S,E,0.56,0.018,0.047,0.935,0.609111111111
SGX78860.1,281,P,E,0.512,0.018,0.047,0.935,0.615111111111
SGX78860.1,282,P,E,0.561,0.018,0.047,0.935,0.630777777778
SGX78860.1,283,A,E,0.458,0.018,0.047,0.935,0.644
SGX78860.1,284,N,E,0.608,0.018,0.019,0.964,0.646666666667
SGX78860.1,285,N,E,0.564,0.018,0.019,0.964,0.643444444444
SGX78860.1,286,E,E,0.566,0.018,0.019,0.964,0.641888888889
SGX78860.1,287,G,E,0.608,0.005,0.015,0.979,0.634
SGX78860.1,288,T,E,0.616,0.005,0.015,0.979,0.633888888889
SGX78860.1,289,T,E,0.493,0.005,0.045,0.951,0.642333333333
SGX78860.1,290,V,E,0.465,0.005,0.045,0.951,0.646222222222
SGX78860.1,291,T,E,0.54,0.005,0.045,0.951,0.644
SGX78860.1,292,Q,E,0.56,0.018,0.047,0.935,0.636
SGX78860.1,293,E,E,0.598,0.018,0.047,0.935,0.623111111111
SGX78860.1,294,S,E,0.553,0.018,0.047,0.935,0.614444444444
SGX78860.1,295,A,E,0.62,0.018,0.047,0.935,0.606222222222
SGX78860.1,296,L,E,0.475,0.018,0.047,0.935,0.614111111111
SGX78860.1,297,A,E,0.57,0.018,0.047,0.935,0.6
SGX78860.1,298,A,E,0.624,0.018,0.047,0.935,0.595111111111
SGX78860.1,299,T,E,0.455,0.018,0.019,0.964,0.587444444444
SGX78860.1,300,P,E,0.579,0.018,0.019,0.964,0.583222222222
SGX78860.1,301,P,E,0.647,0.018,0.047,0.935,0.589333333333
SGX78860.1,302,K,E,0.541,0.018,0.047,0.935,0.602333333333
SGX78860.1,303,G,E,0.514,0.018,0.019,0.964,0.608888888889
SGX78860.1,304,T,E,0.533,0.018,0.019,0.964,0.618222222222
SGX78860.1,305,A,E,0.571,0.018,0.019,0.964,0.619
SGX78860.1,306,D,E,0.662,0.018,0.019,0.964,0.624555555556
SGX78860.1,307,S,E,0.4,0.058,0.017,0.925,0.622777777778
SGX78860.1,308,N,E,0.414,0.058,0.017,0.925,0.607222222222
SGX78860.1,309,D,E,0.543,0.052,0.084,0.864,0.602666666667
SGX78860.1,310,A,E,0.66,0.019,0.141,0.840,0.590777777778
SGX78860.1,311,K,E,0.561,0.019,0.141,0.840,0.581222222222
SGX78860.1,312,I,B,0.211,0.019,0.141,0.840,0.591777777778
SGX78860.1,313,K,E,0.543,0.020,0.205,0.775,0.590333333333
SGX78860.1,314,Y,E,0.457,0.020,0.205,0.775,0.575333333333
SGX78860.1,315,L,E,0.345,0.018,0.088,0.893,0.570444444444
SGX78860.1,316,D,E,0.653,0.018,0.047,0.935,0.564
SGX78860.1,317,K,E,0.506,0.053,0.043,0.903,0.578888888889
SGX78860.1,318,L,B,0.194,0.113,0.087,0.800,0.577666666667
SGX78860.1,319,Y,B,0.244,0.113,0.043,0.844,0.587555555556
SGX78860.1,320,D,E,0.566,0.184,0.043,0.773,0.597888888889
SGX78860.1,321,E,E,0.424,0.191,0.086,0.723,0.589888888889
SGX78860.1,322,V,B,0.24,0.118,0.150,0.732,0.588777777778
SGX78860.1,323,L,E,0.286,0.125,0.227,0.648,0.601222222222
SGX78860.1,324,T,E,0.536,0.125,0.227,0.648,0.614111111111
SGX78860.1,325,T,E,0.448,0.056,0.142,0.802,0.619888888889
SGX78860.1,326,S,E,0.532,0.056,0.142,0.802,0.622777777778
SGX78860.1,327,D,E,0.599,0.052,0.084,0.864,0.621555555556
SGX78860.1,328,N,E,0.547,0.018,0.047,0.935,0.616111111111
SGX78860.1,329,T,E,0.665,0.018,0.047,0.935,0.606444444444
SGX78860.1,330,N,E,0.579,0.018,0.047,0.935,0.591888888889
SGX78860.1,331,W,E,0.335,0.018,0.088,0.893,0.600777777778
SGX78860.1,332,I,E,0.329,0.019,0.141,0.840,0.600222222222
SGX78860.1,333,H,E,0.479,0.018,0.047,0.935,0.592777777778
SGX78860.1,334,V,E,0.376,0.018,0.019,0.964,0.594666666667
SGX78860.1,335,P,E,0.469,0.018,0.019,0.964,0.596
SGX78860.1,336,D,E,0.664,0.058,0.017,0.925,0.602555555556
SGX78860.1,337,Y,B,0.223,0.115,0.016,0.868,0.595111111111
SGX78860.1,338,H,E,0.36,0.058,0.017,0.925,0.604888888889
SGX78860.1,339,S,E,0.547,0.181,0.016,0.803,0.618777777778
SGX78860.1,340,K,E,0.413,0.268,0.043,0.689,0.600555555556
SGX78860.1,341,Y,B,0.169,0.268,0.043,0.689,0.600888888889
SGX78860.1,342,N,E,0.535,0.268,0.043,0.689,0.599666666667
SGX78860.1,343,K,E,0.603,0.268,0.043,0.689,0.588333333333
SGX78860.1,344,I,B,0.141,0.268,0.043,0.689,0.574555555556
SGX78860.1,345,R,E,0.43,0.268,0.043,0.689,0.561666666667
SGX78860.1,346,Q,E,0.574,0.268,0.043,0.689,0.554666666667
SGX78860.1,347,K,E,0.41,0.199,0.152,0.649,0.522555555556
SGX78860.1,348,Y,B,0.095,0.135,0.317,0.548,0.492444444444
SGX78860.1,349,E,E,0.299,0.079,0.592,0.329,0.487888888889
SGX78860.1,350,Y,B,0.115,0.085,0.775,0.140,0.484777777778
SGX78860.1,351,S,B,0.131,0.087,0.683,0.230,0.481333333333
SGX78860.1,352,M,B,0.09,0.079,0.592,0.329,0.479111111111
SGX78860.1,353,N,B,0.222,0.064,0.216,0.721,0.476222222222
SGX78860.1,354,P,E,0.445,0.386,0.097,0.517,0.483444444444
SGX78860.1,355,V,E,0.471,0.455,0.046,0.498,0.468666666667
SGX78860.1,356,E,B,0.177,0.622,0.015,0.363,0.459555555556
SGX78860.1,357,Y,B,0.122,0.717,0.014,0.269,0.478777777778
SGX78860.1,358,E,E,0.381,0.831,0.044,0.125,0.48
SGX78860.1,359,I,B,0.055,0.938,0.007,0.055,0.452333333333
SGX78860.1,360,V,B,0.024,0.975,0.003,0.022,0.424555555556
SGX78860.1,361,K,E,0.259,0.970,0.001,0.030,0.415888888889
SGX78860.1,362,N,E,0.408,0.970,0.001,0.030,0.418666666667
SGX78860.1,363,L,B,0.05,0.970,0.001,0.030,0.391333333333
SGX78860.1,364,F,B,0.05,0.923,0.002,0.076,0.403777777778
SGX78860.1,365,N,E,0.271,0.923,0.002,0.076,0.439111111111
SGX78860.1,366,V,B,0.167,0.782,0.003,0.216,0.457222222222
SGX78860.1,367,G,B,0.072,0.717,0.014,0.269,0.474333333333
SGX78860.1,368,F,B,0.112,0.455,0.046,0.498,0.513222222222
SGX78860.1,369,K,E,0.353,0.278,0.093,0.628,0.555111111111
SGX78860.1,370,N,E,0.53,0.191,0.086,0.723,0.575777777778
SGX78860.1,371,D,E,0.536,0.058,0.017,0.925,0.581666666667
SGX78860.1,372,G,E,0.567,0.058,0.017,0.925,0.607555555556
SGX78860.1,373,A,E,0.618,0.115,0.016,0.868,0.622333333333
SGX78860.1,374,A,E,0.492,0.115,0.016,0.868,0.599
SGX78860.1,375,S,E,0.477,0.058,0.017,0.925,0.583666666667
SGX78860.1,376,S,E,0.697,0.053,0.005,0.942,0.568555555556
SGX78860.1,377,D,E,0.594,0.053,0.005,0.942,0.532666666667
SGX78860.1,378,A,B,0.129,0.321,0.003,0.675,0.498666666667
SGX78860.1,379,T,E,0.344,0.339,0.016,0.645,0.476555555556
SGX78860.1,380,P,E,0.263,0.717,0.014,0.269,0.448888888889
SGX78860.1,381,L,B,0.027,0.923,0.002,0.076,0.410777777778
SGX78860.1,382,V,B,0.076,0.970,0.001,0.030,0.411555555556
SGX78860.1,383,D,E,0.401,0.970,0.001,0.030,0.425888888889
SGX78860.1,384,V,B,0.047,0.988,0.000,0.012,0.409888888889
SGX78860.1,385,F,B,0.025,0.970,0.001,0.030,0.395777777778
SGX78860.1,386,K,E,0.284,0.970,0.001,0.030,0.415111111111
SGX78860.1,387,K,E,0.375,0.923,0.002,0.076,0.432777777778
SGX78860.1,388,A,B,0.066,0.782,0.003,0.216,0.442
SGX78860.1,389,L,B,0.096,0.406,0.004,0.590,0.471222222222
SGX78860.1,390,A,E,0.572,0.109,0.005,0.886,0.495555555556
SGX78860.1,391,D,E,0.298,0.176,0.004,0.820,0.488666666667
SGX78860.1,392,E,E,0.728,0.694,0.003,0.303,0.477888888889
SGX78860.1,393,K,E,0.542,0.782,0.003,0.216,0.499777777778
SGX78860.1,394,F,B,0.052,0.923,0.002,0.076,0.504555555556
SGX78860.1,395,Q,E,0.274,0.970,0.001,0.030,0.512333333333
SGX78860.1,396,A,E,0.668,0.970,0.001,0.030,0.513111111111
SGX78860.1,397,E,E,0.264,0.970,0.001,0.030,0.489333333333
SGX78860.1,398,F,B,0.027,0.923,0.002,0.076,0.461555555556
SGX78860.1,399,D,E,0.449,0.923,0.002,0.076,0.462666666667
SGX78860.1,400,N,E,0.453,0.858,0.002,0.139,0.442111111111
SGX78860.1,401,F,B,0.073,0.858,0.002,0.139,0.417666666667
SGX78860.1,402,V,B,0.046,0.879,0.010,0.111,0.385444444444
SGX78860.1,403,H,B,0.232,0.879,0.010,0.111,0.381222222222
SGX78860.1,404,G,B,0.148,0.879,0.010,0.111,0.342111111111
SGX78860.1,405,L,B,0.044,0.879,0.010,0.111,0.309111111111
SGX78860.1,406,Y,B,0.093,0.802,0.014,0.185,0.327111111111
SGX78860.1,407,G,B,0.124,0.802,0.014,0.185,0.356111111111
SGX78860.1,408,F,B,0.082,0.831,0.044,0.125,0.375111111111
SGX78860.1,409,A,B,0.05,0.751,0.050,0.199,0.404444444444
SGX78860.1,410,K,E,0.269,0.660,0.049,0.291,0.446111111111
SGX78860.1,411,R,E,0.37,0.561,0.047,0.393,0.473222222222
SGX78860.1,412,H,E,0.338,0.354,0.048,0.598,0.494111111111
SGX78860.1,413,S,B,0.292,0.191,0.086,0.723,0.536555555556
SGX78860.1,414,Y,B,0.3,0.307,0.165,0.527,0.572666666667
SGX78860.1,415,L,B,0.197,0.199,0.152,0.649,0.594888888889
SGX78860.1,416,S,E,0.356,0.278,0.093,0.628,0.597111111111
SGX78860.1,417,E,E,0.494,0.268,0.043,0.689,0.597333333333
SGX78860.1,418,A,E,0.569,0.268,0.043,0.689,0.590666666667
SGX78860.1,419,R,E,0.455,0.268,0.043,0.689,0.589888888889
SGX78860.1,420,M,E,0.37,0.268,0.043,0.689,0.595444444444
SGX78860.1,421,K,E,0.612,0.268,0.043,0.689,0.598777777778
SGX78860.1,422,D,E,0.411,0.257,0.016,0.727,0.582555555556
SGX78860.1,423,N,E,0.379,0.802,0.014,0.185,0.574111111111
SGX78860.1,424,K,E,0.66,0.858,0.002,0.139,0.552222222222
SGX78860.1,425,L,E,0.253,0.923,0.002,0.076,0.515666666667
SGX78860.1,426,Y,B,0.041,0.970,0.001,0.030,0.489111111111
SGX78860.1,427,S,E,0.319,0.970,0.001,0.030,0.480666666667
SGX78860.1,428,D,E,0.483,0.970,0.001,0.030,0.461888888889
SGX78860.1,429,L,B,0.04,0.970,0.001,0.030,0.422888888889
SGX78860.1,430,L,B,0.042,0.970,0.001,0.030,0.405444444444
SGX78860.1,431,K,E,0.458,0.970,0.001,0.030,0.403777777778
SGX78860.1,432,N,B,0.202,0.970,0.001,0.030,0.379333333333
SGX78860.1,433,A,B,0.026,0.970,0.001,0.030,0.352222222222
SGX78860.1,434,I,B,0.092,0.970,0.001,0.030,0.383333333333
SGX78860.1,435,S,E,0.325,0.923,0.002,0.076,0.400444444444
SGX78860.1,436,L,B,0.063,0.858,0.002,0.139,0.407222222222
SGX78860.1,437,M,B,0.082,0.802,0.014,0.185,0.431555555556
SGX78860.1,438,N,E,0.331,0.622,0.015,0.363,0.459111111111
SGX78860.1,439,T,B,0.281,0.455,0.046,0.498,0.480555555556
SGX78860.1,440,L,B,0.186,0.321,0.252,0.427,0.429222222222
SGX78860.1,441,Q,E,0.496,0.135,0.317,0.548,0.399333333333
SGX78860.1,442,V,E,0.301,0.052,0.084,0.864,0.372555555556
SGX78860.1,443,S,E,0.841,0.003,0.003,0.994,0.310111111111
SGX78859.1,1,M,E,0.789,0.003,0.003,0.994,0.203555555556
SGX78859.1,2,N,E,0.587,0.056,0.142,0.802,0.237888888889
SGX78859.1,3,K,E,0.431,0.064,0.216,0.721,0.264222222222
SGX78859.1,4,T,E,0.269,0.079,0.592,0.329,0.288555555556
SGX78859.1,5,I,B,0.155,0.072,0.855,0.073,0.313888888889
SGX78859.1,6,V,B,0.054,0.072,0.855,0.073,0.311333333333
SGX78859.1,7,I,B,0.045,0.072,0.855,0.073,0.304444444444
SGX78859.1,8,F,B,0.035,0.157,0.773,0.069,0.287
SGX78859.1,9,F,B,0.061,0.273,0.587,0.140,0.263666666667
SGX78859.1,10,L,B,0.075,0.538,0.173,0.289,0.245888888889
SGX78859.1,11,S,B,0.042,0.605,0.105,0.290,0.23
SGX78859.1,12,F,B,0.072,0.649,0.163,0.188,0.234777777778
SGX78859.1,13,S,B,0.062,0.662,0.225,0.113,0.233
SGX78859.1,14,F,B,0.04,0.594,0.285,0.121,0.234666666667
SGX78859.1,15,L,B,0.028,0.594,0.285,0.121,0.244222222222
SGX78859.1,16,I,B,0.051,0.487,0.370,0.144,0.253666666667
SGX78859.1,17,S,B,0.039,0.373,0.401,0.226,0.260111111111
SGX78859.1,18,F,B,0.058,0.352,0.332,0.316,0.285111111111
SGX78859.1,19,H,B,0.111,0.216,0.235,0.548,0.318666666667
SGX78859.1,20,S,B,0.056,0.216,0.235,0.548,0.372666666667
SGX78859.1,21,V,B,0.086,0.125,0.227,0.648,0.420555555556
SGX78859.1,22,L,B,0.138,0.113,0.087,0.800,0.471444444444
SGX78859.1,23,S,E,0.32,0.113,0.043,0.844,0.521777777778
SGX78859.1,24,E,E,0.48,0.053,0.043,0.903,0.554222222222
SGX78859.1,25,K,E,0.551,0.053,0.043,0.903,0.591666666667
SGX78859.1,26,L,E,0.411,0.018,0.019,0.964,0.624
SGX78859.1,27,G,E,0.591,0.018,0.019,0.964,0.652222222222
SGX78859.1,28,I,E,0.316,0.018,0.047,0.935,0.664444444444
SGX78859.1,29,Q,E,0.577,0.053,0.043,0.903,0.655333333333
SGX78859.1,30,K,E,0.555,0.113,0.043,0.844,0.644777777778
SGX78859.1,31,K,E,0.449,0.115,0.016,0.868,0.633222222222
SGX78859.1,32,K,E,0.486,0.181,0.016,0.803,0.622666666667
SGX78859.1,33,K,E,0.507,0.257,0.016,0.727,0.619666666667
SGX78859.1,34,N,E,0.572,0.430,0.016,0.555,0.608333333333
SGX78859.1,35,L,E,0.265,0.622,0.015,0.363,0.584888888889
SGX78859.1,36,E,E,0.347,0.717,0.014,0.269,0.548222222222
SGX78859.1,37,Q,E,0.337,0.923,0.002,0.076,0.544333333333
SGX78859.1,38,D,E,0.441,0.970,0.001,0.030,0.530777777778
SGX78859.1,39,A,B,0.06,0.970,0.001,0.030,0.486444444444
SGX78859.1,40,M,B,0.09,0.970,0.001,0.030,0.476777777778
SGX78859.1,41,H,E,0.323,0.970,0.001,0.030,0.473444444444
SGX78859.1,42,A,B,0.148,0.970,0.001,0.030,0.461111111111
SGX78859.1,43,L,B,0.072,0.970,0.001,0.030,0.437777777778
SGX78859.1,44,M,E,0.292,0.970,0.001,0.030,0.460555555556
SGX78859.1,45,K,E,0.481,0.923,0.002,0.076,0.475111111111
SGX78859.1,46,K,B,0.225,0.923,0.002,0.076,0.456555555556
SGX78859.1,47,L,B,0.067,0.858,0.002,0.139,0.483888888889
SGX78859.1,48,E,E,0.481,0.858,0.002,0.139,0.533666666667
SGX78859.1,49,S,E,0.403,0.858,0.002,0.139,0.543777777778
SGX78859.1,50,L,B,0.05,0.717,0.014,0.269,0.547555555556
SGX78859.1,51,Y,E,0.326,0.622,0.015,0.363,0.560333333333
SGX78859.1,52,K,E,0.529,0.339,0.016,0.645,0.594222222222
SGX78859.1,53,L,B,0.222,0.181,0.016,0.803,0.591777777778
SGX78859.1,54,S,B,0.257,0.115,0.016,0.868,0.601111111111
SGX78859.1,55,A,E,0.468,0.184,0.043,0.773,0.613888888889
SGX78859.1,56,T,E,0.499,0.257,0.016,0.727,0.596111111111
SGX78859.1,57,D,E,0.393,0.430,0.016,0.555,0.595
SGX78859.1,58,N,E,0.424,0.522,0.016,0.462,0.579
SGX78859.1,59,S,E,0.387,0.782,0.003,0.216,0.570666666667
SGX78859.1,60,E,E,0.53,0.858,0.002,0.139,0.565555555556
SGX78859.1,61,I,E,0.295,0.923,0.002,0.076,0.551111111111
SGX78859.1,62,F,B,0.044,0.923,0.002,0.076,0.529111111111
SGX78859.1,63,N,E,0.398,0.923,0.002,0.076,0.531555555556
SGX78859.1,64,K,E,0.472,0.923,0.002,0.076,0.524
SGX78859.1,65,E,B,0.234,0.970,0.001,0.030,0.502333333333
SGX78859.1,66,M,B,0.057,0.970,0.001,0.030,0.491
SGX78859.1,67,E,E,0.513,0.970,0.001,0.030,0.495888888889
SGX78859.1,68,A,E,0.314,0.970,0.001,0.030,0.498444444444
SGX78859.1,69,L,B,0.036,0.970,0.001,0.030,0.501111111111
SGX78859.1,70,K,E,0.362,0.970,0.001,0.030,0.515222222222
SGX78859.1,71,K,E,0.595,0.970,0.001,0.030,0.539777777778
SGX78859.1,72,Q,B,0.22,0.923,0.002,0.076,0.519444444444
SGX78859.1,73,I,B,0.107,0.923,0.002,0.076,0.540777777778
SGX78859.1,74,D,E,0.548,0.858,0.002,0.139,0.574444444444
SGX78859.1,75,Q,E,0.367,0.858,0.002,0.139,0.588666666667
SGX78859.1,76,L,B,0.083,0.782,0.003,0.216,0.618888888889
SGX78859.1,77,Q,E,0.432,0.802,0.014,0.185,0.636444444444
SGX78859.1,78,Q,E,0.604,0.717,0.014,0.269,0.640555555556
SGX78859.1,79,H,E,0.405,0.522,0.016,0.462,0.639555555556
SGX78859.1,80,G,E,0.419,0.339,0.016,0.645,0.649444444444
SGX78859.1,81,G,E,0.462,0.339,0.016,0.645,0.687
SGX78859.1,82,A,E,0.459,0.339,0.016,0.645,0.700888888889
SGX78859.1,83,N,E,0.388,0.354,0.048,0.598,0.701555555556
SGX78859.1,84,E,E,0.411,0.354,0.048,0.598,0.673777777778
SGX78859.1,85,E,E,0.44,0.354,0.048,0.598,0.666222222222
SGX78859.1,86,E,E,0.527,0.268,0.043,0.689,0.655555555556
SGX78859.1,87,S,E,0.398,0.268,0.043,0.689,0.649111111111
SGX78859.1,88,L,B,0.133,0.354,0.048,0.598,0.631666666667
SGX78859.1,89,G,E,0.508,0.339,0.016,0.645,0.617333333333
SGX78859.1,90,H,E,0.548,0.430,0.016,0.555,0.594444444444
SGX78859.1,91,L,E,0.332,0.430,0.016,0.555,0.569555555556
SGX78859.1,92,L,B,0.166,0.339,0.016,0.645,0.567888888889
SGX78859.1,93,E,E,0.633,0.339,0.016,0.645,0.586666666667
SGX78859.1,94,S,E,0.63,0.257,0.016,0.727,0.581222222222
SGX78859.1,95,E,E,0.377,0.181,0.016,0.803,0.582
SGX78859.1,96,A,E,0.587,0.181,0.016,0.803,0.585777777778
SGX78859.1,97,A,E,0.684,0.181,0.016,0.803,0.606111111111
SGX78859.1,98,D,E,0.438,0.257,0.016,0.727,0.617555555556
SGX78859.1,99,D,E,0.522,0.354,0.048,0.598,0.635222222222
SGX78859.1,100,S,E,0.359,0.339,0.016,0.645,0.644888888889
SGX78859.1,101,S,E,0.441,0.430,0.016,0.555,0.642333333333
SGX78859.1,102,K,E,0.608,0.455,0.046,0.498,0.643777777778
SGX78859.1,103,K,E,0.462,0.455,0.046,0.498,0.642222222222
SGX78859.1,104,T,E,0.323,0.354,0.048,0.598,0.637333333333
SGX78859.1,105,I,E,0.312,0.191,0.086,0.723,0.642777777778
SGX78859.1,106,F,B,0.288,0.113,0.087,0.800,0.633222222222
SGX78859.1,107,G,E,0.511,0.053,0.043,0.903,0.632111111111
SGX78859.1,108,V,E,0.337,0.053,0.043,0.903,0.625444444444
SGX78859.1,109,D,E,0.557,0.113,0.043,0.844,0.610222222222
SGX78859.1,110,E,E,0.516,0.268,0.043,0.689,0.621111111111
SGX78859.1,111,D,E,0.517,0.184,0.043,0.773,0.625555555556
SGX78859.1,112,D,E,0.385,0.268,0.043,0.689,0.629333333333
SGX78859.1,113,L,B,0.158,0.268,0.043,0.689,0.636444444444
SGX78859.1,114,D,E,0.382,0.268,0.043,0.689,0.635777777778
SGX78859.1,115,N,E,0.498,0.184,0.043,0.773,0.637444444444
SGX78859.1,116,Y,E,0.382,0.113,0.043,0.844,0.628555555556
SGX78859.1,117,D,E,0.511,0.184,0.043,0.773,0.631444444444
SGX78859.1,118,G,E,0.375,0.191,0.086,0.723,0.633111111111
SGX78859.1,119,D,E,0.421,0.199,0.152,0.649,0.617
SGX78859.1,120,F,B,0.179,0.216,0.235,0.548,0.613
SGX78859.1,121,T,E,0.332,0.216,0.235,0.548,0.616666666667
SGX78859.1,122,G,B,0.164,0.199,0.152,0.649,0.614
SGX78859.1,123,Q,E,0.371,0.118,0.150,0.732,0.620555555556
SGX78859.1,124,S,E,0.491,0.118,0.150,0.732,0.627222222222
SGX78859.1,125,K,E,0.623,0.113,0.087,0.800,0.632777777778
SGX78859.1,126,G,E,0.424,0.118,0.150,0.732,0.632333333333
SGX78859.1,127,K,E,0.499,0.135,0.317,0.548,0.652888888889
SGX78859.1,128,I,E,0.342,0.148,0.418,0.435,0.659444444444
SGX78859.1,129,K,E,0.386,0.231,0.330,0.439,0.666111111111
SGX78859.1,130,G,E,0.407,0.216,0.235,0.548,0.668333333333
SGX78859.1,131,Q,E,0.506,0.216,0.235,0.548,0.668888888889
SGX78859.1,132,A,E,0.344,0.231,0.330,0.439,0.660666666667
SGX78859.1,133,D,B,0.22,0.216,0.235,0.548,0.660333333333
SGX78859.1,134,T,E,0.525,0.199,0.152,0.649,0.662888888889
SGX78859.1,135,A,E,0.457,0.191,0.086,0.723,0.664333333333
SGX78859.1,136,P,E,0.482,0.184,0.043,0.773,0.657
SGX78859.1,137,S,E,0.513,0.191,0.086,0.723,0.660777777778
SGX78859.1,138,V,E,0.365,0.199,0.152,0.649,0.650777777778
SGX78859.1,139,K,E,0.572,0.118,0.150,0.732,0.650777777778
SGX78859.1,140,G,E,0.456,0.125,0.227,0.648,0.648888888889
SGX78859.1,141,D,E,0.617,0.125,0.227,0.648,0.641777777778
SGX78859.1,142,V,E,0.373,0.125,0.227,0.648,0.634777777778
SGX78859.1,143,S,E,0.579,0.113,0.087,0.800,0.618666666667
SGX78859.1,144,P,E,0.486,0.113,0.043,0.844,0.596888888889
SGX78859.1,145,P,E,0.504,0.113,0.043,0.844,0.584
SGX78859.1,146,P,E,0.704,0.058,0.017,0.925,0.571
SGX78859.1,147,N,E,0.693,0.058,0.017,0.925,0.565777777778
SGX78859.1,148,L,E,0.406,0.053,0.043,0.903,0.552666666667
SGX78859.1,149,P,E,0.498,0.053,0.043,0.903,0.549
SGX78859.1,150,A,E,0.51,0.113,0.043,0.844,0.542333333333
SGX78859.1,151,A,E,0.556,0.184,0.043,0.773,0.537444444444
SGX78859.1,152,A,E,0.554,0.181,0.016,0.803,0.546888888889
SGX78859.1,153,A,E,0.661,0.181,0.016,0.803,0.563111111111
SGX78859.1,154,S,E,0.54,0.113,0.043,0.844,0.574111111111
SGX78859.1,155,S,E,0.415,0.053,0.043,0.903,0.576
SGX78859.1,156,P,E,0.587,0.053,0.043,0.903,0.582888888889
SGX78859.1,157,K,E,0.607,0.113,0.043,0.844,0.590666666667
SGX78859.1,158,E,E,0.565,0.191,0.086,0.723,0.595222222222
SGX78859.1,159,T,E,0.472,0.191,0.086,0.723,0.606888888889
SGX78859.1,160,V,E,0.263,0.191,0.086,0.723,0.622222222222
SGX78859.1,161,P,E,0.577,0.191,0.086,0.723,0.623666666667
SGX78859.1,162,A,E,0.499,0.191,0.086,0.723,0.624
SGX78859.1,163,G,E,0.456,0.113,0.087,0.800,0.625222222222
SGX78859.1,164,T,E,0.426,0.113,0.087,0.800,0.625555555556
SGX78859.1,165,S,E,0.587,0.113,0.087,0.800,0.612777777778
SGX78859.1,166,N,E,0.554,0.052,0.084,0.864,0.606
SGX78859.1,167,G,E,0.497,0.056,0.142,0.802,0.601444444444
SGX78859.1,168,L,E,0.473,0.066,0.296,0.638,0.600111111111
SGX78859.1,169,V,B,0.166,0.069,0.386,0.545,0.585
SGX78859.1,170,E,E,0.459,0.066,0.296,0.638,0.583444444444
SGX78859.1,171,A,E,0.619,0.064,0.216,0.721,0.578111111111
SGX78859.1,172,D,E,0.596,0.056,0.142,0.802,0.568333333333
SGX78859.1,173,Y,B,0.209,0.056,0.142,0.802,0.581555555556
SGX78859.1,174,V,E,0.358,0.064,0.216,0.721,0.588777777778
SGX78859.1,175,V,E,0.515,0.056,0.142,0.802,0.587666666667
SGX78859.1,176,L,E,0.469,0.056,0.142,0.802,0.590777777778
SGX78859.1,177,N,E,0.704,0.052,0.084,0.864,0.589222222222
SGX78859.1,178,T,E,0.431,0.053,0.043,0.903,0.604555555556
SGX78859.1,179,P,E,0.532,0.053,0.043,0.903,0.611888888889
SGX78859.1,180,D,E,0.572,0.058,0.017,0.925,0.633888888889
SGX78859.1,181,G,E,0.602,0.058,0.017,0.925,0.641333333333
SGX78859.1,182,N,E,0.494,0.115,0.016,0.868,0.640666666667
SGX78859.1,183,P,E,0.456,0.113,0.043,0.844,0.643444444444
SGX78859.1,184,R,E,0.53,0.115,0.016,0.868,0.660444444444
SGX78859.1,185,P,E,0.622,0.113,0.043,0.844,0.659666666667
SGX78859.1,186,V,E,0.45,0.053,0.043,0.903,0.663222222222
SGX78859.1,187,G,B,0.246,0.018,0.019,0.964,0.657333333333
SGX78859.1,188,P,E,0.473,0.018,0.019,0.964,0.657333333333
SGX78859.1,189,G,E,0.525,0.018,0.019,0.964,0.650333333333
SGX78859.1,190,G,E,0.487,0.053,0.043,0.903,0.661222222222
SGX78859.1,191,G,E,0.485,0.053,0.043,0.903,0.660333333333
SGX78859.1,192,S,E,0.489,0.052,0.084,0.864,0.667111111111
SGX78859.1,193,R,E,0.538,0.053,0.043,0.903,0.658888888889
SGX78859.1,194,P,E,0.559,0.053,0.043,0.903,0.654555555556
SGX78859.1,195,S,E,0.622,0.058,0.017,0.925,0.643666666667
SGX78859.1,196,A,E,0.416,0.058,0.017,0.925,0.638555555556
SGX78859.1,197,S,E,0.641,0.053,0.043,0.903,0.630333333333
SGX78859.1,198,G,E,0.541,0.053,0.043,0.903,0.624111111111
SGX78859.1,199,P,E,0.613,0.113,0.043,0.844,0.616666666667
SGX78859.1,200,D,E,0.569,0.113,0.043,0.844,0.616555555556
SGX78859.1,201,A,E,0.527,0.113,0.043,0.844,0.619111111111
SGX78859.1,202,A,E,0.437,0.053,0.043,0.903,0.626444444444
SGX78859.1,203,S,E,0.586,0.058,0.017,0.925,0.633555555556
SGX78859.1,204,N,E,0.617,0.018,0.019,0.964,0.646666666667
SGX78859.1,205,L,E,0.502,0.053,0.043,0.903,0.649777777778
SGX78859.1,206,Q,E,0.592,0.053,0.043,0.903,0.651666666667
SGX78859.1,207,N,E,0.526,0.052,0.084,0.864,0.644111111111
SGX78859.1,208,Q,E,0.428,0.064,0.216,0.721,0.647222222222
SGX78859.1,209,A,E,0.432,0.074,0.484,0.442,0.644
SGX78859.1,210,T,E,0.524,0.079,0.592,0.329,0.651777777778
SGX78859.1,211,A,E,0.311,0.074,0.484,0.442,0.645888888889
SGX78859.1,212,E,E,0.546,0.022,0.359,0.619,0.655222222222
SGX78859.1,213,A,E,0.403,0.021,0.279,0.699,0.656
SGX78859.1,214,G,E,0.525,0.020,0.205,0.775,0.663888888889
SGX78859.1,215,G,E,0.494,0.021,0.279,0.699,0.676777777778
SGX78859.1,216,S,E,0.52,0.021,0.279,0.699,0.696666666667
SGX78859.1,217,T,E,0.562,0.064,0.216,0.721,0.704
SGX78859.1,218,N,E,0.47,0.064,0.216,0.721,0.713777777778
SGX78859.1,219,T,E,0.488,0.064,0.216,0.721,0.715111111111
SGX78859.1,220,Q,E,0.46,0.118,0.150,0.732,0.715333333333
SGX78859.1,221,G,E,0.48,0.113,0.087,0.800,0.713333333333
SGX78859.1,222,S,E,0.512,0.113,0.087,0.800,0.708888888889
SGX78859.1,223,Q,E,0.488,0.113,0.087,0.800,0.692555555556
SGX78859.1,224,T,E,0.628,0.053,0.043,0.903,0.679555555556
SGX78859.1,225,G,E,0.606,0.053,0.043,0.903,0.656777777778
SGX78859.1,226,G,E,0.584,0.052,0.084,0.864,0.631222222222
SGX78859.1,227,V,E,0.498,0.052,0.084,0.864,0.617444444444
SGX78859.1,228,S,E,0.623,0.052,0.084,0.864,0.602333333333
SGX78859.1,229,T,E,0.444,0.018,0.047,0.935,0.596888888889
SGX78859.1,230,T,E,0.486,0.018,0.019,0.964,0.589111111111
SGX78859.1,231,P,E,0.282,0.058,0.017,0.925,0.593333333333
SGX78859.1,232,G,E,0.537,0.058,0.017,0.925,0.611222222222
SGX78859.1,233,A,E,0.717,0.058,0.017,0.925,0.612777777778
SGX78859.1,234,N,E,0.481,0.058,0.017,0.925,0.630333333333
SGX78859.1,235,Q,E,0.542,0.053,0.043,0.903,0.653555555556
SGX78859.1,236,Q,E,0.457,0.053,0.043,0.903,0.662222222222
SGX78859.1,237,A,E,0.568,0.018,0.047,0.935,0.666666666667
SGX78859.1,238,G,E,0.43,0.018,0.088,0.893,0.668222222222
SGX78859.1,239,S,E,0.503,0.019,0.141,0.840,0.664555555556
SGX78859.1,240,T,E,0.383,0.018,0.088,0.893,0.656555555556
SGX78859.1,241,P,E,0.532,0.018,0.047,0.935,0.643777777778
SGX78859.1,242,P,E,0.613,0.018,0.047,0.935,0.639555555556
SGX78859.1,243,G,E,0.559,0.018,0.019,0.964,0.617777777778
SGX78859.1,244,A,E,0.459,0.018,0.019,0.964,0.599888888889
SGX78859.1,245,A,E,0.368,0.018,0.019,0.964,0.598222222222
SGX78859.1,246,T,E,0.657,0.018,0.019,0.964,0.601333333333
SGX78859.1,247,A,E,0.604,0.058,0.017,0.925,0.599444444444
SGX78859.1,248,Q,E,0.499,0.113,0.043,0.844,0.619888888889
SGX78859.1,249,T,E,0.451,0.184,0.043,0.773,0.635777777778
SGX78859.1,250,E,E,0.525,0.181,0.016,0.803,0.635
SGX78859.1,251,S,E,0.45,0.181,0.016,0.803,0.624333333333
SGX78859.1,252,E,E,0.459,0.181,0.016,0.803,0.624888888889
SGX78859.1,253,R,E,0.519,0.181,0.016,0.803,0.608444444444
SGX78859.1,254,E,E,0.503,0.113,0.043,0.844,0.599
SGX78859.1,255,P,E,0.476,0.184,0.043,0.773,0.588333333333
SGX78859.1,256,N,E,0.405,0.184,0.043,0.773,0.559444444444
SGX78859.1,257,V,B,0.056,0.428,0.171,0.402,0.531555555556
SGX78859.1,258,K,E,0.378,0.478,0.309,0.214,0.513
SGX78859.1,259,Y,B,0.216,0.649,0.163,0.188,0.487444444444
SGX78859.1,260,L,B,0.038,0.751,0.050,0.199,0.480222222222
SGX78859.1,261,D,E,0.28,0.717,0.014,0.269,0.487555555556
SGX78859.1,262,K,E,0.475,0.879,0.010,0.111,0.490444444444
SGX78859.1,263,L,B,0.042,0.858,0.002,0.139,0.457555555556
SGX78859.1,264,Y,B,0.048,0.923,0.002,0.076,0.438777777778
SGX78859.1,265,D,E,0.449,0.923,0.002,0.076,0.456
SGX78859.1,266,D,E,0.383,0.923,0.002,0.076,0.456111111111
SGX78859.1,267,V,B,0.038,0.879,0.010,0.111,0.456
SGX78859.1,268,L,B,0.081,0.802,0.014,0.185,0.490777777778
SGX78859.1,269,A,E,0.498,0.622,0.015,0.363,0.517888888889
SGX78859.1,270,T,E,0.429,0.430,0.016,0.555,0.530111111111
SGX78859.1,271,Q,B,0.241,0.257,0.016,0.727,0.562555555556
SGX78859.1,272,D,E,0.558,0.181,0.016,0.803,0.591777777778
SGX78859.1,273,S,E,0.548,0.053,0.043,0.903,0.597777777778
SGX78859.1,274,A,E,0.531,0.018,0.047,0.935,0.605444444444
SGX78859.1,275,N,E,0.558,0.005,0.045,0.951,0.602333333333
SGX78859.1,276,G,E,0.415,0.005,0.262,0.733,0.612111111111
SGX78859.1,277,I,B,0.235,0.005,0.336,0.660,0.603
SGX78859.1,278,D,E,0.477,0.004,0.197,0.799,0.591666666667
SGX78859.1,279,V,E,0.41,0.018,0.047,0.935,0.578666666667
SGX78859.1,280,P,E,0.495,0.018,0.019,0.964,0.562777777778
SGX78859.1,281,P,E,0.707,0.058,0.017,0.925,0.570222222222
SGX78859.1,282,F,B,0.235,0.115,0.016,0.868,0.582333333333
SGX78859.1,283,H,E,0.323,0.115,0.016,0.868,0.592444444444
SGX78859.1,284,S,E,0.499,0.181,0.016,0.803,0.602111111111
SGX78859.1,285,K,E,0.395,0.257,0.016,0.727,0.597444444444
SGX78859.1,286,Y,B,0.189,0.339,0.016,0.645,0.600666666667
SGX78859.1,287,N,E,0.477,0.354,0.048,0.598,0.603111111111
SGX78859.1,288,D,E,0.557,0.354,0.048,0.598,0.600555555556
SGX78859.1,289,F,B,0.157,0.339,0.016,0.645,0.588555555556
SGX78859.1,290,R,E,0.438,0.339,0.016,0.645,0.575222222222
SGX78859.1,291,K,E,0.558,0.268,0.043,0.689,0.559
SGX78859.1,292,K,E,0.407,0.321,0.252,0.427,0.532888888889
SGX78859.1,293,Y,B,0.083,0.148,0.418,0.435,0.510444444444
SGX78859.1,294,E,E,0.344,0.079,0.592,0.329,0.497666666667
SGX78859.1,295,F,B,0.119,0.085,0.775,0.140,0.481777777778
SGX78859.1,296,K,B,0.192,0.087,0.683,0.230,0.472111111111
SGX78859.1,297,M,B,0.102,0.079,0.592,0.329,0.471444444444
SGX78859.1,298,N,E,0.288,0.118,0.150,0.732,0.467
SGX78859.1,299,D,E,0.549,0.522,0.016,0.462,0.477777777778
SGX78859.1,300,S,E,0.49,0.622,0.015,0.363,0.468222222222
SGX78859.1,301,E,B,0.166,0.717,0.014,0.269,0.452
SGX78859.1,302,Y,B,0.098,0.879,0.010,0.111,0.461777777778
SGX78859.1,303,K,E,0.433,0.938,0.007,0.055,0.457555555556
SGX78859.1,304,I,B,0.055,0.975,0.003,0.022,0.436666666667
SGX78859.1,305,M,B,0.022,0.970,0.001,0.030,0.411666666667
SGX78859.1,306,K,B,0.193,0.988,0.000,0.012,0.393333333333
SGX78859.1,307,N,E,0.381,0.988,0.000,0.012,0.395222222222
SGX78859.1,308,L,B,0.05,0.988,0.000,0.012,0.365666666667
SGX78859.1,309,F,B,0.033,0.970,0.001,0.030,0.363888888889
SGX78859.1,310,D,B,0.199,0.970,0.001,0.030,0.387333333333
SGX78859.1,311,V,B,0.137,0.970,0.001,0.030,0.401444444444
SGX78859.1,312,S,B,0.045,0.923,0.002,0.076,0.427888888889
SGX78859.1,313,F,B,0.057,0.802,0.014,0.185,0.465333333333
SGX78859.1,314,K,E,0.436,0.717,0.014,0.269,0.520888888889
SGX78859.1,315,K,E,0.478,0.522,0.016,0.462,0.557
SGX78859.1,316,E,E,0.492,0.176,0.004,0.820,0.576444444444
SGX78859.1,317,G,E,0.549,0.053,0.005,0.942,0.601555555556
SGX78859.1,318,Q,E,0.593,0.109,0.005,0.886,0.624
SGX78859.1,319,Q,E,0.606,0.176,0.004,0.820,0.628333333333
SGX78859.1,320,S,E,0.415,0.176,0.004,0.820,0.609777777778
SGX78859.1,321,S,E,0.495,0.176,0.004,0.820,0.563888888889
SGX78859.1,322,A,E,0.296,0.502,0.002,0.495,0.533333333333
SGX78859.1,323,A,E,0.47,0.694,0.003,0.303,0.496
SGX78859.1,324,C,B,0.104,0.879,0.010,0.111,0.445333333333
SGX78859.1,325,L,B,0.028,0.970,0.001,0.030,0.396666666667
SGX78859.1,326,V,B,0.101,0.970,0.001,0.030,0.406444444444
SGX78859.1,327,N,E,0.399,0.988,0.000,0.012,0.407888888889
SGX78859.1,328,V,B,0.04,0.988,0.000,0.012,0.382333333333
SGX78859.1,329,F,B,0.024,0.970,0.001,0.030,0.383888888889
SGX78859.1,330,K,E,0.288,0.970,0.001,0.030,0.416
SGX78859.1,331,K,E,0.36,0.923,0.002,0.076,0.437333333333
SGX78859.1,332,L,B,0.064,0.782,0.003,0.216,0.448666666667
SGX78859.1,333,L,B,0.091,0.406,0.004,0.590,0.485222222222
SGX78859.1,334,D,E,0.586,0.109,0.005,0.886,0.514222222222
SGX78859.1,335,D,E,0.306,0.176,0.004,0.820,0.498
SGX78859.1,336,E,E,0.734,0.782,0.003,0.216,0.492444444444
SGX78859.1,337,H,E,0.54,0.782,0.003,0.216,0.526333333333
SGX78859.1,338,L,B,0.052,0.923,0.002,0.076,0.530777777778
SGX78859.1,339,Q,E,0.275,0.970,0.001,0.030,0.536
SGX78859.1,340,K,E,0.671,0.970,0.001,0.030,0.540555555556
SGX78859.1,341,E,E,0.278,0.970,0.001,0.030,0.520111111111
SGX78859.1,342,F,B,0.027,0.923,0.002,0.076,0.492
SGX78859.1,343,D,E,0.459,0.923,0.002,0.076,0.49
SGX78859.1,344,N,E,0.459,0.858,0.002,0.139,0.476888888889
SGX78859.1,345,F,B,0.08,0.858,0.002,0.139,0.447555555556
SGX78859.1,346,V,B,0.046,0.879,0.010,0.111,0.411444444444
SGX78859.1,347,H,B,0.236,0.802,0.014,0.185,0.401777777778
SGX78859.1,348,G,B,0.152,0.802,0.014,0.185,0.365666666667
SGX78859.1,349,F,B,0.046,0.802,0.014,0.185,0.330111111111
SGX78859.1,350,Y,B,0.094,0.751,0.050,0.199,0.346333333333
SGX78859.1,351,G,B,0.123,0.751,0.050,0.199,0.374888888889
SGX78859.1,352,F,B,0.092,0.660,0.049,0.291,0.386888888889
SGX78859.1,353,A,B,0.05,0.660,0.049,0.291,0.414222222222
SGX78859.1,354,K,E,0.264,0.561,0.047,0.393,0.455888888889
SGX78859.1,355,R,E,0.376,0.455,0.046,0.498,0.479444444444
SGX78859.1,356,H,E,0.326,0.268,0.043,0.689,0.499
SGX78859.1,357,N,B,0.28,0.191,0.086,0.723,0.543444444444
SGX78859.1,358,Y,B,0.293,0.199,0.152,0.649,0.581555555556
SGX78859.1,359,L,B,0.144,0.199,0.152,0.649,0.603555555556
SGX78859.1,360,R,E,0.382,0.278,0.093,0.628,0.614444444444
SGX78859.1,361,G,E,0.527,0.268,0.043,0.689,0.620555555556
SGX78859.1,362,E,E,0.545,0.268,0.043,0.689,0.609333333333
SGX78859.1,363,R,E,0.42,0.354,0.048,0.598,0.605333333333
SGX78859.1,364,M,E,0.348,0.354,0.048,0.598,0.613
SGX78859.1,365,A,E,0.569,0.268,0.043,0.689,0.619888888889
SGX78859.1,366,N,E,0.472,0.257,0.016,0.727,0.593
SGX78859.1,367,E,E,0.403,0.802,0.014,0.185,0.584111111111
SGX78859.1,368,N,E,0.657,0.923,0.002,0.076,0.558333333333
SGX78859.1,369,L,E,0.247,0.923,0.002,0.076,0.511222222222
SGX78859.1,370,Y,B,0.047,0.970,0.001,0.030,0.483888888889
SGX78859.1,371,K,E,0.348,0.970,0.001,0.030,0.481555555556
SGX78859.1,372,D,E,0.476,0.970,0.001,0.030,0.469444444444
SGX78859.1,373,I,B,0.037,0.988,0.000,0.012,0.434666666667
SGX78859.1,374,F,B,0.044,0.970,0.001,0.030,0.414555555556
SGX78859.1,375,K,E,0.435,0.970,0.001,0.030,0.431
SGX78859.1,376,N,B,0.203,0.970,0.001,0.030,0.400444444444
SGX78859.1,377,V,B,0.026,0.970,0.001,0.030,0.372777777778
SGX78859.1,378,V,B,0.092,0.970,0.001,0.030,0.400333333333
SGX78859.1,379,N,E,0.326,0.923,0.002,0.076,0.416
SGX78859.1,380,L,B,0.057,0.923,0.002,0.076,0.403222222222
SGX78859.1,381,L,B,0.08,0.858,0.002,0.139,0.412444444444
SGX78859.1,382,N,E,0.313,0.694,0.003,0.303,0.438666666667
SGX78859.1,383,T,B,0.242,0.622,0.015,0.363,0.438
SGX78859.1,384,I,B,0.168,0.502,0.102,0.396,0.373
SGX78859.1,385,E,E,0.478,0.321,0.252,0.427,0.344111111111
SGX78859.1,386,V,E,0.282,0.191,0.086,0.723,0.319333333333
SGX78859.1,387,V,E,0.6,0.016,0.005,0.979,0.261222222222
KMZ85458.1,1,M,E,0.792,0.003,0.003,0.994,0.230333333333
KMZ85458.1,2,G,E,0.729,0.018,0.019,0.964,0.282555555556
KMZ85458.1,3,G,E,0.508,0.053,0.043,0.903,0.320333333333
KMZ85458.1,4,N,E,0.449,0.216,0.235,0.548,0.346777777778
KMZ85458.1,5,K,E,0.288,0.268,0.505,0.227,0.374777777778
KMZ85458.1,6,N,B,0.128,0.387,0.545,0.068,0.357666666667
KMZ85458.1,7,A,B,0.05,0.387,0.545,0.068,0.334555555556
KMZ85458.1,8,L,B,0.049,0.614,0.324,0.062,0.304
KMZ85458.1,9,F,B,0.061,0.746,0.197,0.057,0.277888888889
KMZ85458.1,10,L,B,0.064,0.779,0.100,0.120,0.247111111111
KMZ85458.1,11,S,B,0.044,0.911,0.033,0.057,0.211111111111
KMZ85458.1,12,L,B,0.073,0.879,0.010,0.111,0.191666666667
KMZ85458.1,13,L,B,0.072,0.911,0.033,0.057,0.192888888889
KMZ85458.1,14,I,B,0.044,0.911,0.033,0.057,0.198111111111
KMZ85458.1,15,L,B,0.028,0.911,0.033,0.057,0.207666666667
KMZ85458.1,16,L,B,0.048,0.831,0.044,0.125,0.226222222222
KMZ85458.1,17,L,B,0.054,0.751,0.050,0.199,0.258777777778
KMZ85458.1,18,C,B,0.099,0.455,0.046,0.498,0.29
KMZ85458.1,19,C,B,0.077,0.278,0.093,0.628,0.337333333333
KMZ85458.1,20,A,B,0.061,0.191,0.086,0.723,0.393111111111
KMZ85458.1,21,W,B,0.126,0.113,0.043,0.844,0.440777777778
KMZ85458.1,22,C,B,0.159,0.113,0.043,0.844,0.482666666667
KMZ85458.1,23,E,E,0.482,0.115,0.016,0.868,0.511222222222
KMZ85458.1,24,K,E,0.613,0.115,0.016,0.868,0.542777777778
KMZ85458.1,25,P,E,0.355,0.058,0.017,0.925,0.573333333333
KMZ85458.1,26,G,E,0.674,0.018,0.019,0.964,0.595333333333
KMZ85458.1,27,V,B,0.198,0.053,0.043,0.903,0.616
KMZ85458.1,28,E,E,0.541,0.052,0.084,0.864,0.612222222222
KMZ85458.1,29,K,E,0.364,0.113,0.087,0.800,0.602333333333
KMZ85458.1,30,K,E,0.485,0.113,0.087,0.800,0.599777777778
KMZ85458.1,31,K,E,0.337,0.113,0.087,0.800,0.596444444444
KMZ85458.1,32,K,E,0.59,0.184,0.043,0.773,0.593333333333
KMZ85458.1,33,L,E,0.354,0.339,0.016,0.645,0.579666666667
KMZ85458.1,34,E,E,0.532,0.622,0.015,0.363,0.568
KMZ85458.1,35,E,E,0.501,0.782,0.003,0.216,0.556555555556
KMZ85458.1,36,D,E,0.301,0.858,0.002,0.139,0.540555555556
KMZ85458.1,37,V,B,0.136,0.923,0.002,0.076,0.508666666667
KMZ85458.1,38,I,B,0.166,0.858,0.002,0.139,0.496111111111
KMZ85458.1,39,G,E,0.344,0.858,0.002,0.139,0.488888888889
KMZ85458.1,40,I,B,0.133,0.923,0.002,0.076,0.476
KMZ85458.1,41,L,B,0.106,0.970,0.001,0.030,0.449777777778
KMZ85458.1,42,R,B,0.271,0.970,0.001,0.030,0.467555555556
KMZ85458.1,43,R,E,0.449,0.970,0.001,0.030,0.467444444444
KMZ85458.1,44,K,B,0.216,0.970,0.001,0.030,0.450111111111
KMZ85458.1,45,L,B,0.061,0.970,0.001,0.030,0.466
KMZ85458.1,46,E,E,0.5,0.923,0.002,0.076,0.509
KMZ85458.1,47,S,E,0.331,0.923,0.002,0.076,0.523666666667
KMZ85458.1,48,L,B,0.057,0.858,0.002,0.139,0.531444444444
KMZ85458.1,49,Q,E,0.347,0.782,0.003,0.216,0.553888888889
KMZ85458.1,50,K,E,0.527,0.717,0.014,0.269,0.594333333333
KMZ85458.1,51,R,B,0.148,0.622,0.015,0.363,0.593555555556
KMZ85458.1,52,S,B,0.198,0.522,0.016,0.462,0.603666666667
KMZ85458.1,53,L,E,0.507,0.354,0.048,0.598,0.631333333333
KMZ85458.1,54,T,E,0.551,0.257,0.016,0.727,0.625555555556
KMZ85458.1,55,N,E,0.426,0.181,0.016,0.803,0.617888888889
KMZ85458.1,56,S,E,0.364,0.115,0.016,0.868,0.607555555556
KMZ85458.1,57,D,E,0.389,0.058,0.017,0.925,0.614333333333
KMZ85458.1,58,G,E,0.611,0.115,0.016,0.868,0.603111111111
KMZ85458.1,59,K,E,0.395,0.115,0.016,0.868,0.591888888889
KMZ85458.1,60,L,B,0.114,0.115,0.016,0.868,0.581222222222
KMZ85458.1,61,K,E,0.51,0.181,0.016,0.803,0.579777777778
KMZ85458.1,62,K,E,0.57,0.257,0.016,0.727,0.576666666667
KMZ85458.1,63,E,E,0.372,0.339,0.016,0.645,0.565777777778
KMZ85458.1,64,I,B,0.241,0.782,0.003,0.216,0.564666666667
KMZ85458.1,65,E,E,0.63,0.858,0.002,0.139,0.576444444444
KMZ85458.1,66,L,E,0.324,0.858,0.002,0.139,0.573444444444
KMZ85458.1,67,V,B,0.16,0.782,0.003,0.216,0.577111111111
KMZ85458.1,68,K,E,0.515,0.782,0.003,0.216,0.584888888889
KMZ85458.1,69,K,E,0.598,0.802,0.014,0.185,0.588111111111
KMZ85458.1,70,Q,E,0.364,0.622,0.015,0.363,0.574555555556
KMZ85458.1,71,I,B,0.159,0.522,0.016,0.462,0.578777777778
KMZ85458.1,72,Q,E,0.509,0.522,0.016,0.462,0.595
KMZ85458.1,73,E,E,0.572,0.622,0.015,0.363,0.597222222222
KMZ85458.1,74,L,B,0.239,0.622,0.015,0.363,0.606666666667
KMZ85458.1,75,Q,E,0.431,0.522,0.016,0.462,0.614777777778
KMZ85458.1,76,K,E,0.633,0.622,0.015,0.363,0.610777777778
KMZ85458.1,77,Y,E,0.358,0.430,0.016,0.555,0.614777777778
KMZ85458.1,78,E,E,0.597,0.257,0.016,0.727,0.625666666667
KMZ85458.1,79,K,E,0.581,0.184,0.043,0.773,0.643777777778
KMZ85458.1,80,G,E,0.584,0.184,0.043,0.773,0.654777777778
KMZ85458.1,81,E,E,0.493,0.268,0.043,0.689,0.654777777778
KMZ85458.1,82,A,E,0.559,0.354,0.048,0.598,0.65
KMZ85458.1,83,G,E,0.57,0.354,0.048,0.598,0.649888888889
KMZ85458.1,84,K,E,0.571,0.354,0.048,0.598,0.643444444444
KMZ85458.1,85,K,E,0.618,0.268,0.043,0.689,0.651111111111
KMZ85458.1,86,V,E,0.514,0.268,0.043,0.689,0.654777777778
KMZ85458.1,87,D,E,0.56,0.184,0.043,0.773,0.651888888889
KMZ85458.1,88,A,E,0.419,0.184,0.043,0.773,0.647222222222
KMZ85458.1,89,T,E,0.513,0.184,0.043,0.773,0.631333333333
KMZ85458.1,90,L,E,0.463,0.184,0.043,0.773,0.624
KMZ85458.1,91,G,E,0.6,0.184,0.043,0.773,0.628888888889
KMZ85458.1,92,E,E,0.685,0.268,0.043,0.689,0.619444444444
KMZ85458.1,93,E,E,0.431,0.268,0.043,0.689,0.625888888889
KMZ85458.1,94,P,E,0.55,0.268,0.043,0.689,0.621555555556
KMZ85458.1,95,G,E,0.55,0.268,0.043,0.689,0.611666666667
KMZ85458.1,96,V,E,0.577,0.268,0.043,0.689,0.617888888889
KMZ85458.1,97,E,E,0.474,0.354,0.048,0.598,0.629
KMZ85458.1,98,S,E,0.501,0.268,0.043,0.689,0.642111111111
KMZ85458.1,99,A,E,0.588,0.268,0.043,0.689,0.652555555556
KMZ85458.1,100,E,E,0.553,0.191,0.086,0.723,0.664
KMZ85458.1,101,E,E,0.612,0.118,0.150,0.732,0.665222222222
KMZ85458.1,102,Q,E,0.451,0.064,0.216,0.721,0.658666666667
KMZ85458.1,103,P,E,0.517,0.066,0.296,0.638,0.669111111111
KMZ85458.1,104,L,E,0.392,0.066,0.296,0.638,0.675555555556
KMZ85458.1,105,S,E,0.36,0.066,0.296,0.638,0.671333333333
KMZ85458.1,106,V,E,0.4,0.066,0.296,0.638,0.666777777778
KMZ85458.1,107,E,E,0.572,0.064,0.216,0.721,0.658111111111
KMZ85458.1,108,E,E,0.505,0.056,0.142,0.802,0.651111111111
KMZ85458.1,109,A,E,0.618,0.052,0.084,0.864,0.637555555556
KMZ85458.1,110,G,E,0.596,0.113,0.087,0.800,0.630333333333
KMZ85458.1,111,D,E,0.506,0.113,0.043,0.844,0.634555555556
KMZ85458.1,112,T,E,0.683,0.184,0.043,0.773,0.633111111111
KMZ85458.1,113,Q,E,0.474,0.184,0.043,0.773,0.635222222222
KMZ85458.1,114,D,E,0.434,0.184,0.043,0.773,0.628666666667
KMZ85458.1,115,E,E,0.596,0.184,0.043,0.773,0.633444444444
KMZ85458.1,116,D,E,0.604,0.184,0.043,0.773,0.638222222222
KMZ85458.1,117,R,E,0.431,0.268,0.043,0.689,0.640555555556
KMZ85458.1,118,L,E,0.364,0.268,0.043,0.689,0.657
KMZ85458.1,119,D,E,0.423,0.354,0.048,0.598,0.662777777778
KMZ85458.1,120,E,E,0.504,0.354,0.048,0.598,0.653666666667
KMZ85458.1,121,L,E,0.338,0.386,0.097,0.517,0.651555555556
KMZ85458.1,122,E,E,0.524,0.386,0.097,0.517,0.649777777778
KMZ85458.1,123,G,E,0.42,0.386,0.097,0.517,0.655666666667
KMZ85458.1,124,V,E,0.518,0.278,0.093,0.628,0.649111111111
KMZ85458.1,125,E,E,0.391,0.354,0.048,0.598,0.646444444444
KMZ85458.1,126,D,E,0.564,0.268,0.043,0.689,0.645444444444
KMZ85458.1,127,F,E,0.545,0.268,0.043,0.689,0.631666666667
KMZ85458.1,128,E,E,0.627,0.268,0.043,0.689,0.637111111111
KMZ85458.1,129,E,E,0.582,0.184,0.043,0.773,0.649222222222
KMZ85458.1,130,E,E,0.605,0.184,0.043,0.773,0.641888888889
KMZ85458.1,131,N,E,0.332,0.113,0.043,0.844,0.638111111111
KMZ85458.1,132,L,E,0.626,0.113,0.043,0.844,0.640333333333
KMZ85458.1,133,E,E,0.579,0.113,0.043,0.844,0.638333333333
KMZ85458.1,134,Q,E,0.665,0.113,0.043,0.844,0.625111111111
KMZ85458.1,135,S,E,0.482,0.113,0.043,0.844,0.627444444444
KMZ85458.1,136,E,E,0.602,0.113,0.043,0.844,0.618444444444
KMZ85458.1,137,Q,E,0.698,0.113,0.043,0.844,0.605111111111
KMZ85458.1,138,V,E,0.35,0.113,0.043,0.844,0.598
KMZ85458.1,139,E,E,0.68,0.184,0.043,0.773,0.599222222222
KMZ85458.1,140,E,E,0.528,0.184,0.043,0.773,0.588222222222
KMZ85458.1,141,A,E,0.502,0.268,0.043,0.689,0.583666666667
KMZ85458.1,142,E,E,0.669,0.268,0.043,0.689,0.586333333333
KMZ85458.1,143,V,E,0.682,0.268,0.043,0.689,0.586222222222
KMZ85458.1,144,V,E,0.574,0.268,0.043,0.689,0.586111111111
KMZ85458.1,145,E,E,0.524,0.184,0.043,0.773,0.603333333333
KMZ85458.1,146,E,E,0.636,0.115,0.016,0.868,0.624
KMZ85458.1,147,A,E,0.572,0.113,0.043,0.844,0.629111111111
KMZ85458.1,148,E,E,0.592,0.184,0.043,0.773,0.631222222222
KMZ85458.1,149,E,E,0.538,0.113,0.043,0.844,0.640777777778
KMZ85458.1,150,E,E,0.638,0.113,0.043,0.844,0.631888888889
KMZ85458.1,151,A,E,0.654,0.113,0.043,0.844,0.627111111111
KMZ85458.1,152,G,E,0.581,0.053,0.043,0.903,0.641333333333
KMZ85458.1,153,D,E,0.59,0.053,0.043,0.903,0.646222222222
KMZ85458.1,154,A,E,0.593,0.053,0.043,0.903,0.649
KMZ85458.1,155,E,E,0.536,0.053,0.043,0.903,0.641666666667
KMZ85458.1,156,E,E,0.625,0.113,0.043,0.844,0.634333333333
KMZ85458.1,157,E,E,0.523,0.113,0.043,0.844,0.632666666667
KMZ85458.1,158,Q,E,0.658,0.113,0.043,0.844,0.624333333333
KMZ85458.1,159,P,E,0.587,0.115,0.016,0.868,0.625888888889
KMZ85458.1,160,A,E,0.464,0.184,0.043,0.773,0.634333333333
KMZ85458.1,161,E,E,0.65,0.181,0.016,0.803,0.632444444444
KMZ85458.1,162,A,E,0.585,0.184,0.043,0.773,0.629111111111
KMZ85458.1,163,E,E,0.676,0.184,0.043,0.773,0.629666666667
KMZ85458.1,164,E,E,0.576,0.184,0.043,0.773,0.633666666667
KMZ85458.1,165,D,E,0.601,0.184,0.043,0.773,0.631
KMZ85458.1,166,G,E,0.545,0.184,0.043,0.773,0.633
KMZ85458.1,167,S,E,0.543,0.113,0.043,0.844,0.637666666667
KMZ85458.1,168,L,E,0.525,0.113,0.043,0.844,0.638111111111
KMZ85458.1,169,L,E,0.495,0.113,0.043,0.844,0.634111111111
KMZ85458.1,170,E,E,0.68,0.113,0.043,0.844,0.634222222222
KMZ85458.1,171,E,E,0.555,0.113,0.043,0.844,0.628222222222
KMZ85458.1,172,A,E,0.569,0.053,0.043,0.903,0.610444444444
KMZ85458.1,173,P,E,0.565,0.058,0.017,0.925,0.613777777778
KMZ85458.1,174,N,E,0.667,0.058,0.017,0.925,0.635777777778
KMZ85458.1,175,S,E,0.455,0.053,0.043,0.903,0.644222222222
KMZ85458.1,176,V,E,0.544,0.113,0.043,0.844,0.650222222222
KMZ85458.1,177,E,E,0.558,0.113,0.087,0.800,0.668444444444
KMZ85458.1,178,R,E,0.516,0.184,0.043,0.773,0.665333333333
KMZ85458.1,179,K,E,0.561,0.184,0.043,0.773,0.657222222222
KMZ85458.1,180,A,E,0.423,0.184,0.043,0.773,0.652555555556
KMZ85458.1,181,E,E,0.647,0.184,0.043,0.773,0.650111111111
KMZ85458.1,182,G,E,0.442,0.184,0.043,0.773,0.635777777778
KMZ85458.1,183,A,E,0.607,0.184,0.043,0.773,0.614888888889
KMZ85458.1,184,I,E,0.582,0.184,0.043,0.773,0.604666666667
KMZ85458.1,185,A,E,0.426,0.115,0.016,0.868,0.598777777778
KMZ85458.1,186,E,E,0.623,0.113,0.043,0.844,0.577777777778
KMZ85458.1,187,F,E,0.6,0.115,0.016,0.868,0.572888888889
KMZ85458.1,188,E,E,0.658,0.115,0.016,0.868,0.578777777778
KMZ85458.1,189,E,E,0.549,0.115,0.016,0.868,0.586555555556
KMZ85458.1,190,A,E,0.559,0.113,0.043,0.844,0.599111111111
KMZ85458.1,191,D,E,0.462,0.115,0.016,0.868,0.601333333333
KMZ85458.1,192,V,E,0.616,0.115,0.016,0.868,0.602333333333
KMZ85458.1,193,E,E,0.733,0.058,0.017,0.925,0.607333333333
KMZ85458.1,194,E,E,0.608,0.058,0.017,0.925,0.603
KMZ85458.1,195,G,E,0.568,0.058,0.017,0.925,0.616555555556
KMZ85458.1,196,A,E,0.571,0.058,0.017,0.925,0.624333333333
KMZ85458.1,197,E,E,0.575,0.113,0.043,0.844,0.621222222222
KMZ85458.1,198,A,E,0.482,0.113,0.043,0.844,0.618111111111
KMZ85458.1,199,D,E,0.608,0.058,0.017,0.925,0.616333333333
KMZ85458.1,200,E,E,0.665,0.058,0.017,0.925,0.610888888889
KMZ85458.1,201,G,E,0.366,0.058,0.017,0.925,0.620666666667
KMZ85458.1,202,V,E,0.572,0.053,0.043,0.903,0.619
KMZ85458.1,203,E,E,0.594,0.053,0.043,0.903,0.627111111111
KMZ85458.1,204,A,E,0.364,0.053,0.043,0.903,0.625777777778
KMZ85458.1,205,D,E,0.642,0.113,0.043,0.844,0.626
KMZ85458.1,206,E,E,0.572,0.113,0.043,0.844,0.623777777778
KMZ85458.1,207,G,E,0.435,0.181,0.016,0.803,0.631
KMZ85458.1,208,A,E,0.584,0.181,0.016,0.803,0.633555555556
KMZ85458.1,209,D,E,0.642,0.184,0.043,0.773,0.640666666667
KMZ85458.1,210,A,E,0.411,0.113,0.043,0.844,0.639666666667
KMZ85458.1,211,D,E,0.599,0.113,0.043,0.844,0.638888888889
KMZ85458.1,212,E,E,0.628,0.113,0.043,0.844,0.639777777778
KMZ85458.1,213,A,E,0.405,0.053,0.043,0.903,0.633333333333
KMZ85458.1,214,S,E,0.52,0.053,0.043,0.903,0.628222222222
KMZ85458.1,215,L,E,0.538,0.113,0.043,0.844,0.636333333333
KMZ85458.1,216,G,E,0.495,0.113,0.043,0.844,0.632222222222
KMZ85458.1,217,S,E,0.446,0.113,0.043,0.844,0.633777777778
KMZ85458.1,218,F,E,0.566,0.184,0.043,0.773,0.631777777778
KMZ85458.1,219,D,E,0.615,0.184,0.043,0.773,0.635666666667
KMZ85458.1,220,L,E,0.437,0.191,0.086,0.723,0.633444444444
KMZ85458.1,221,E,E,0.573,0.191,0.086,0.723,0.633222222222
KMZ85458.1,222,G,E,0.539,0.113,0.087,0.800,0.628111111111
KMZ85458.1,223,E,E,0.577,0.113,0.087,0.800,0.632777777778
KMZ85458.1,224,L,E,0.52,0.113,0.087,0.800,0.631666666667
KMZ85458.1,225,I,E,0.516,0.191,0.086,0.723,0.630666666667
KMZ85458.1,226,E,E,0.635,0.184,0.043,0.773,0.630444444444
KMZ85458.1,227,E,E,0.482,0.184,0.043,0.773,0.634777777778
KMZ85458.1,228,D,E,0.682,0.184,0.043,0.773,0.623111111111
KMZ85458.1,229,L,E,0.397,0.113,0.043,0.844,0.620777777778
KMZ85458.1,230,Q,E,0.599,0.058,0.017,0.925,0.620444444444
KMZ85458.1,231,E,E,0.643,0.053,0.043,0.903,0.621888888889
KMZ85458.1,232,S,E,0.5,0.052,0.084,0.864,0.617
KMZ85458.1,233,F,E,0.535,0.052,0.084,0.864,0.609
KMZ85458.1,234,D,E,0.505,0.053,0.043,0.903,0.61
KMZ85458.1,235,L,E,0.623,0.053,0.043,0.903,0.599666666667
KMZ85458.1,236,E,E,0.672,0.053,0.043,0.903,0.593555555556
KMZ85458.1,237,G,E,0.353,0.018,0.019,0.964,0.595666666667
KMZ85458.1,238,E,E,0.669,0.053,0.043,0.903,0.604666666667
KMZ85458.1,239,Q,E,0.603,0.053,0.043,0.903,0.613666666667
KMZ85458.1,240,E,E,0.579,0.113,0.043,0.844,0.613777777778
KMZ85458.1,241,E,E,0.584,0.113,0.087,0.800,0.620888888889
KMZ85458.1,242,E,E,0.603,0.191,0.086,0.723,0.624
KMZ85458.1,243,D,E,0.64,0.184,0.043,0.773,0.621555555556
KMZ85458.1,244,L,E,0.456,0.184,0.043,0.773,0.628888888889
KMZ85458.1,245,Q,E,0.533,0.113,0.043,0.844,0.631777777778
KMZ85458.1,246,E,E,0.636,0.113,0.043,0.844,0.624222222222
KMZ85458.1,247,G,E,0.542,0.113,0.043,0.844,0.613222222222
KMZ85458.1,248,F,E,0.634,0.113,0.043,0.844,0.602222222222
KMZ85458.1,249,K,E,0.643,0.053,0.043,0.903,0.611555555556
KMZ85458.1,250,S,E,0.585,0.053,0.043,0.903,0.609444444444
KMZ85458.1,251,E,E,0.622,0.113,0.043,0.844,0.621555555556
KMZ85458.1,252,E,E,0.654,0.181,0.016,0.803,0.629444444444
KMZ85458.1,253,E,E,0.602,0.181,0.016,0.803,0.622777777778
KMZ85458.1,254,A,E,0.518,0.257,0.016,0.727,0.633333333333
KMZ85458.1,255,N,E,0.523,0.181,0.016,0.803,0.642222222222
KMZ85458.1,256,Q,E,0.655,0.181,0.016,0.803,0.643888888889
KMZ85458.1,257,G,E,0.449,0.181,0.016,0.803,0.635777777778
KMZ85458.1,258,G,E,0.544,0.113,0.043,0.844,0.639666666667
KMZ85458.1,259,Q,E,0.711,0.113,0.043,0.844,0.635888888889
KMZ85458.1,260,L,E,0.373,0.053,0.043,0.903,0.62
KMZ85458.1,261,P,E,0.508,0.053,0.043,0.903,0.609666666667
KMZ85458.1,262,R,E,0.5,0.053,0.043,0.903,0.614444444444
KMZ85458.1,263,E,E,0.758,0.053,0.043,0.903,0.603
KMZ85458.1,264,I,E,0.415,0.053,0.043,0.903,0.595111111111
KMZ85458.1,265,P,E,0.491,0.018,0.047,0.935,0.600666666667
KMZ85458.1,266,P,E,0.515,0.053,0.043,0.903,0.604555555556
KMZ85458.1,267,H,E,0.657,0.053,0.043,0.903,0.586888888889
KMZ85458.1,268,G,E,0.648,0.113,0.043,0.844,0.577888888889
KMZ85458.1,269,E,E,0.621,0.113,0.043,0.844,0.583555555556
KMZ85458.1,270,E,E,0.55,0.113,0.043,0.844,0.584
KMZ85458.1,271,A,E,0.657,0.113,0.087,0.800,0.584777777778
KMZ85458.1,272,V,E,0.619,0.052,0.084,0.864,0.598222222222
KMZ85458.1,273,E,E,0.589,0.052,0.084,0.864,0.607444444444
KMZ85458.1,274,P,E,0.545,0.052,0.084,0.864,0.601
KMZ85458.1,275,P,E,0.516,0.053,0.043,0.903,0.601
KMZ85458.1,276,L,E,0.545,0.115,0.016,0.868,0.608111111111
KMZ85458.1,277,R,E,0.659,0.115,0.016,0.868,0.617666666667
KMZ85458.1,278,G,E,0.493,0.115,0.016,0.868,0.619111111111
KMZ85458.1,279,N,E,0.585,0.115,0.016,0.868,0.605444444444
KMZ85458.1,280,K,E,0.457,0.115,0.016,0.868,0.605111111111
KMZ85458.1,281,P,E,0.665,0.181,0.016,0.803,0.579222222222
KMZ85458.1,282,S,E,0.595,0.268,0.043,0.689,0.564333333333
KMZ85458.1,283,M,B,0.139,0.307,0.165,0.527,0.563555555556
KMZ85458.1,284,E,E,0.465,0.321,0.252,0.427,0.566333333333
KMZ85458.1,285,Y,E,0.403,0.199,0.152,0.649,0.562888888889
KMZ85458.1,286,V,B,0.161,0.191,0.086,0.723,0.556555555556
KMZ85458.1,287,G,E,0.55,0.181,0.016,0.803,0.553
KMZ85458.1,288,N,E,0.605,0.339,0.016,0.645,0.563666666667
KMZ85458.1,289,L,E,0.296,0.522,0.016,0.462,0.549555555556
KMZ85458.1,290,H,B,0.152,0.522,0.016,0.462,0.56
KMZ85458.1,291,S,E,0.527,0.522,0.016,0.462,0.567555555556
KMZ85458.1,292,D,E,0.634,0.430,0.016,0.555,0.560222222222
KMZ85458.1,293,V,B,0.244,0.430,0.016,0.555,0.570111111111
KMZ85458.1,294,G,B,0.238,0.339,0.016,0.645,0.576333333333
KMZ85458.1,295,P,E,0.691,0.257,0.016,0.727,0.589666666667
KMZ85458.1,296,T,E,0.454,0.257,0.016,0.727,0.600333333333
KMZ85458.1,297,E,E,0.579,0.181,0.016,0.803,0.615
KMZ85458.1,298,G,E,0.593,0.115,0.016,0.868,0.633111111111
KMZ85458.1,299,S,E,0.522,0.115,0.016,0.868,0.627555555556
KMZ85458.1,300,A,E,0.552,0.058,0.017,0.925,0.641
KMZ85458.1,301,N,E,0.614,0.053,0.043,0.903,0.648555555556
KMZ85458.1,302,Q,E,0.448,0.056,0.142,0.802,0.650555555556
KMZ85458.1,303,I,B,0.278,0.056,0.142,0.802,0.644222222222
KMZ85458.1,304,S,E,0.55,0.018,0.088,0.893,0.632555555556
KMZ85458.1,305,P,E,0.388,0.018,0.047,0.935,0.617777777778
KMZ85458.1,306,P,E,0.537,0.018,0.019,0.964,0.612777777778
KMZ85458.1,307,S,E,0.611,0.058,0.017,0.925,0.603555555556
KMZ85458.1,308,V,B,0.26,0.181,0.016,0.803,0.610888888889
KMZ85458.1,309,D,E,0.38,0.339,0.016,0.645,0.601111111111
KMZ85458.1,310,E,E,0.512,0.430,0.016,0.555,0.596888888889
KMZ85458.1,311,K,E,0.447,0.522,0.016,0.462,0.573888888889
KMZ85458.1,312,G,B,0.2,0.522,0.016,0.462,0.571111111111
KMZ85458.1,313,K,E,0.416,0.522,0.016,0.462,0.571777777778
KMZ85458.1,314,E,E,0.518,0.430,0.016,0.555,0.577111111111
KMZ85458.1,315,D,B,0.226,0.430,0.016,0.555,0.565888888889
KMZ85458.1,316,G,E,0.431,0.522,0.016,0.462,0.577666666667
KMZ85458.1,317,D,E,0.633,0.522,0.016,0.462,0.576666666667
KMZ85458.1,318,K,E,0.418,0.622,0.015,0.363,0.571555555556
KMZ85458.1,319,Y,B,0.125,0.522,0.016,0.462,0.576666666667
KMZ85458.1,320,K,E,0.481,0.430,0.016,0.555,0.593666666667
KMZ85458.1,321,S,E,0.336,0.455,0.046,0.498,0.608
KMZ85458.1,322,A,B,0.23,0.354,0.048,0.598,0.612222222222
KMZ85458.1,323,S,E,0.294,0.184,0.043,0.773,0.604222222222
KMZ85458.1,324,Q,E,0.321,0.257,0.016,0.727,0.596333333333
KMZ85458.1,325,D,E,0.608,0.717,0.014,0.269,0.576111111111
KMZ85458.1,326,G,E,0.517,0.694,0.003,0.303,0.556444444444
KMZ85458.1,327,G,B,0.119,0.858,0.002,0.139,0.523333333333
KMZ85458.1,328,N,B,0.161,0.858,0.002,0.139,0.513222222222
KMZ85458.1,329,S,E,0.435,0.923,0.002,0.076,0.490444444444
KMZ85458.1,330,V,B,0.065,0.970,0.001,0.030,0.461888888889
KMZ85458.1,331,G,B,0.025,0.970,0.001,0.030,0.427
KMZ85458.1,332,I,E,0.278,0.970,0.001,0.030,0.415777777778
KMZ85458.1,333,N,E,0.363,0.970,0.001,0.030,0.407888888889
KMZ85458.1,334,N,B,0.051,0.970,0.001,0.030,0.380333333333
KMZ85458.1,335,F,B,0.075,0.970,0.001,0.030,0.376666666667
KMZ85458.1,336,G,E,0.283,0.923,0.002,0.076,0.407111111111
KMZ85458.1,337,G,B,0.151,0.923,0.002,0.076,0.417666666667
KMZ85458.1,338,C,B,0.077,0.858,0.002,0.139,0.432888888889
KMZ85458.1,339,F,B,0.155,0.694,0.003,0.303,0.468666666667
KMZ85458.1,340,Q,E,0.477,0.522,0.016,0.462,0.504333333333
KMZ85458.1,341,G,E,0.493,0.246,0.004,0.750,0.523111111111
KMZ85458.1,342,G,E,0.349,0.053,0.005,0.942,0.542
KMZ85458.1,343,N,E,0.423,0.053,0.005,0.942,0.574555555556
KMZ85458.1,344,S,E,0.636,0.058,0.017,0.925,0.591777777778
KMZ85458.1,345,N,E,0.446,0.016,0.005,0.979,0.574888888889
KMZ85458.1,346,G,E,0.5,0.176,0.004,0.820,0.559666666667
KMZ85458.1,347,I,E,0.357,0.321,0.003,0.675,0.546888888889
KMZ85458.1,348,C,B,0.195,0.339,0.016,0.645,0.504222222222
KMZ85458.1,349,P,B,0.027,0.923,0.002,0.076,0.459111111111
KMZ85458.1,350,L,B,0.134,0.970,0.001,0.030,0.461888888889
KMZ85458.1,351,D,E,0.411,0.970,0.001,0.030,0.456333333333
KMZ85458.1,352,I,B,0.046,0.970,0.001,0.030,0.433111111111
KMZ85458.1,353,F,B,0.029,0.970,0.001,0.030,0.423444444444
KMZ85458.1,354,K,E,0.336,0.970,0.001,0.030,0.439444444444
KMZ85458.1,355,K,E,0.392,0.923,0.002,0.076,0.449111111111
KMZ85458.1,356,V,B,0.053,0.782,0.003,0.216,0.460111111111
KMZ85458.1,357,L,B,0.148,0.406,0.004,0.590,0.485444444444
KMZ85458.1,358,E,E,0.592,0.109,0.005,0.886,0.513777777778
KMZ85458.1,359,D,E,0.293,0.176,0.004,0.820,0.502111111111
KMZ85458.1,360,E,E,0.761,0.694,0.003,0.303,0.496444444444
KMZ85458.1,361,N,E,0.559,0.782,0.003,0.216,0.530111111111
KMZ85458.1,362,F,B,0.053,0.923,0.002,0.076,0.535555555556
KMZ85458.1,363,L,E,0.283,0.970,0.001,0.030,0.542777777778
KMZ85458.1,364,Q,E,0.705,0.970,0.001,0.030,0.543111111111
KMZ85458.1,365,E,E,0.295,0.970,0.001,0.030,0.528555555556
KMZ85458.1,366,F,B,0.032,0.923,0.002,0.076,0.504888888889
KMZ85458.1,367,D,E,0.473,0.923,0.002,0.076,0.500888888889
KMZ85458.1,368,S,E,0.471,0.858,0.002,0.139,0.478777777778
KMZ85458.1,369,F,B,0.094,0.858,0.002,0.139,0.446888888889
KMZ85458.1,370,I,B,0.052,0.879,0.010,0.111,0.412
KMZ85458.1,371,H,B,0.25,0.802,0.014,0.185,0.402444444444
KMZ85458.1,372,N,B,0.16,0.802,0.014,0.185,0.365555555556
KMZ85458.1,373,L,B,0.053,0.802,0.014,0.185,0.340666666667
KMZ85458.1,374,Y,B,0.108,0.802,0.014,0.185,0.357777777778
KMZ85458.1,375,G,B,0.131,0.751,0.050,0.199,0.390333333333
KMZ85458.1,376,S,B,0.098,0.751,0.050,0.199,0.405666666667
KMZ85458.1,377,S,B,0.058,0.660,0.049,0.291,0.447222222222
KMZ85458.1,378,K,E,0.285,0.561,0.047,0.393,0.496444444444
KMZ85458.1,379,N,E,0.407,0.455,0.046,0.498,0.527777777778
KMZ85458.1,380,N,E,0.359,0.268,0.043,0.689,0.550888888889
KMZ85458.1,381,T,B,0.301,0.191,0.086,0.723,0.592444444444
KMZ85458.1,382,P,B,0.297,0.199,0.152,0.649,0.628555555556
KMZ85458.1,383,W,B,0.158,0.199,0.152,0.649,0.643111111111
KMZ85458.1,384,G,E,0.38,0.278,0.093,0.628,0.640666666667
KMZ85458.1,385,G,E,0.531,0.268,0.043,0.689,0.644333333333
KMZ85458.1,386,D,E,0.538,0.268,0.043,0.689,0.627444444444
KMZ85458.1,387,K,E,0.463,0.354,0.048,0.598,0.625222222222
KMZ85458.1,388,M,E,0.368,0.354,0.048,0.598,0.622
KMZ85458.1,389,G,E,0.565,0.268,0.043,0.689,0.625444444444
KMZ85458.1,390,N,E,0.474,0.181,0.016,0.803,0.603
KMZ85458.1,391,E,E,0.42,0.802,0.014,0.185,0.593444444444
KMZ85458.1,392,N,E,0.665,0.923,0.002,0.076,0.566555555556
KMZ85458.1,393,L,E,0.257,0.923,0.002,0.076,0.526666666667
KMZ85458.1,394,Y,B,0.048,0.970,0.001,0.030,0.496777777778
KMZ85458.1,395,M,E,0.352,0.970,0.001,0.030,0.489
KMZ85458.1,396,D,E,0.478,0.970,0.001,0.030,0.467888888889
KMZ85458.1,397,L,B,0.041,0.988,0.000,0.012,0.428555555556
KMZ85458.1,398,F,B,0.047,0.970,0.001,0.030,0.404888888889
KMZ85458.1,399,T,E,0.449,0.970,0.001,0.030,0.411555555556
KMZ85458.1,400,N,B,0.208,0.970,0.001,0.030,0.383666666667
KMZ85458.1,401,A,B,0.028,0.970,0.001,0.030,0.357222222222
KMZ85458.1,402,L,B,0.098,0.970,0.001,0.030,0.384333333333
KMZ85458.1,403,S,E,0.343,0.923,0.002,0.076,0.403111111111
KMZ85458.1,404,F,B,0.061,0.923,0.002,0.076,0.393333333333
KMZ85458.1,405,L,B,0.084,0.858,0.002,0.139,0.404666666667
KMZ85458.1,406,N,E,0.329,0.694,0.003,0.303,0.434444444444
KMZ85458.1,407,T,B,0.258,0.622,0.015,0.363,0.435111111111
KMZ85458.1,408,I,B,0.18,0.502,0.102,0.396,0.378888888889
KMZ85458.1,409,E,E,0.491,0.307,0.165,0.527,0.343777777778
KMZ85458.1,410,V,E,0.296,0.191,0.086,0.723,0.317555555556
KMZ85458.1,411,I,E,0.608,0.016,0.005,0.979,0.260222222222
